﻿"key","location4","ptclassname","tag","pointsource","info","isString","compmax","unit","parentId","COGNITE_CDF_RAW_EXPLORER_PRIMARY_KEY","span","filtercode","isStep","pointid","recno","id"
"15b1fad0-7ccb-48f2-b32a-9de6e0fd4220","1","""classic""","""VAL_23-PT-92535:X.Value""","""VLH_PCN1""","""PH 1stStgComp Suction""","false","28800","""bar""","null","""bb85d08b-78e1-47f7-bc2b-c392ecdb936d""","100","0","false","160701","145201","""row-10"""
"f212423e-34aa-4675-acfa-41e828df456b","1","""classic""","""VAL_23-TT-92539:X.Value""","""VLH_PCN1""","""PH 1stStgComp Discharge""","false","28800","""DegC""","null","""fa2d04c1-3f4f-4d2e-b59f-67d300b3d832""","100","0","false","160886","145386","""row-4"""
"100824fb-d204-4322-a987-f9769ab497ff","1","""classic""","""VAL_23-PT-92532:X.Value""","""VLH_PCN1""","""PH 1stStgComp Suction""","false","28800","""bar""","null","""1d48dde7-9ba8-4483-8ce9-121bd4b2f112""","100","0","false","160700","145200","""row-5"""
"5360246f-dafe-4815-97ed-bc94f6fbafd1","1","""classic""","""VAL_23-TT-92533:X.Value""","""VLH_PCN1""","""PH 1stStgComp Suction""","false","28800","""DegC""","null","""774e2409-d4b4-4271-9c5e-23cea460b7d8""","100","0","false","160884","145384","""row-2"""
"7dfc457f-360a-45e9-bbc8-e0d4cf22543b","1","""classic""","""VAL_23-PT-92536:X.Value""","""VLH_PCN1""","""PH 1stStgComp Discharge""","false","28800","""bar""","null","""cc8e0d20-19f4-4354-871a-087a2152cd82""","100","0","false","160702","145202","""row-6"""
"87d5747d-f052-41d4-a453-bbe527c43ba3","1","""classic""","""VAL_23_PT_92537:Z.X.Value""","""VLH_PCN1""","""PH 1stStgComp Discharge""","false","28800","""null""","null","""ee1ea530-4a71-4424-a9e2-b30b0a6e58e4""","100","0","false","160105","144605","""row-7"""
"c5195db2-bc39-4f6a-b3f6-5c8ce6721b6f","1","""classic""","""VAL_23-PT-92540:X.Value""","""VLH_PCN1""","""PH 1st Stg Comp Suction""","false","28800","""barg""","null","""24a4d9d8-6742-49be-beac-247a35470f09""","100","0","false","160704","145204","""row-9"""
"543b0b51-5727-46f7-963c-c947fe2716dc","1","""classic""","""VAL_23_TT_92532:Z.X.Value""","""VLH_PCN1""","""PH 1stStgComp Suction Temp""","false","28800","""null""","null","""2e14e90e-8ec0-4fac-928b-37bec5b34a9b""","100","0","false","160110","144610","""row-1"""
"141fcb58-d2a4-41ab-9475-6f63f17c7eae","1","""classic""","""VAL_23_PT_92531:Z.X.Value""","""VLH_PCN1""","""PH 1stStgComp Suction""","false","28800","""null""","null","""65de1665-0ff2-4df5-903f-a48633d562a8""","100","0","false","160104","144604","""row-3"""
"7cef34da-6da2-464a-ab77-88d786e387d1","1","""classic""","""VAL_23-PT-92539:X.Value""","""VLH_PCN1""","""PH 1stStgComp Discharge""","false","28800","""bar""","null","""aa238c7b-9991-40f1-a3c8-f7d695588425""","100","0","false","160703","145203","""row-11"""
"ed9a7ccc-f714-4c68-9245-37b8ee8adfd8","1","""classic""","""VAL_23_TT_92536:Z.X.Value""","""VLH_PCN1""","""PH 1stStgComp Discharge Temp""","false","28800","""null""","null","""f6a123e8-c24a-4bf1-90e9-71496cdb6f26""","100","0","false","160111","144611","""row-8"""
"cb7bffec-018b-4566-88db-1821f626574b","1","""classic""","""VAL_23-TT-92537:X.Value""","""VLH_PCN1""","""PH 1stStgComp Discharge""","false","28800","""DegC""","null","""730a9f3c-6950-485e-a5cc-6d3d94590103""","100","0","false","160885","145385","""row-0"""