﻿"key","WMT_SYSTEM_ID","COGNITE_CDF_RAW_EXPLORER_PRIMARY_KEY","name","parent_loc","description","id","WMT_TAG_ID","loc","parentId"
"4e3886c1-eb2b-4aa0-bc5d-3e2f346f1600","4440","""f01af114-0117-4b63-8f86-81584edf41c4""","""PH-S-1305""","""23-1ST STAGE COMPRESSOR-PH""","""VRD - CONE STRAINER, 250%, 1/8\""HOLES""","""row-28""","356184","""PH-S-1305""","null"
"85145724-9301-4a34-9079-239c19b228a1","4440","""ec6fb4d7-8778-45ac-910f-e8bb8868e1eb""","""23-TT-92539""","""23-1ST STAGE COMPRESSOR-PH""","""VRD - PH 1STSTGCOMP DISCHARGE""","""row-12""","346606","""23-TT-92539""","null"
"b65f684e-7408-4cef-8db2-571dcc3f6c45","4440","""23e45f25-d1b5-4445-a730-4a7c4b44657c""","""23-PI-92539""","""23-PT-92539""","""SOFT TAG VRD - PH 1STSTGCOMP DISCHARGE""","""row-19""","683050","""23-PI-92539""","null"
"2fea67ef-7b73-4d70-bdd4-73ff74ec4c49","4440","""a5b60cb2-b425-4efe-838e-29fc47f863c1""","""23-PDT-92530""","""23-PDI-92534""","""VRD - PH 1STSTGCOMP SUCT STR""","""row-33""","346175","""23-PDT-92530""","null"
"ff2839de-3add-4440-8e8f-0666ce00d4bb","4440","""5e120632-5d2a-4013-813e-25c224e00dd9""","""23-FV-92542""","""23-1ST STAGE COMPRESSOR-PH""","""VRD - PH 1STSTGCOMP HOT GAS BP""","""row-16""","345883","""23-FV-92542""","null"
"81cdb257-015e-446f-b0ed-fac82ded5af6","4440","""90305938-08aa-439f-95d5-58de8cfa04df""","""23-PDI-92534""","""23-PDT-92534""","""SOFT TAG VRD - PH 1STSTGCOMP SUCTION""","""row-13""","683004","""23-PDI-92534""","null"
"aedc6e54-fd93-4712-ba55-a26daa57094c","4440","""a1d49ae2-b4ff-45f1-a3af-93f6a8a4933d""","""23-TT-92537""","""23-1ST STAGE COMPRESSOR-PH""","""VRD - PH 1STSTGCOMP DISCHARGE""","""row-10""","346605","""23-TT-92537""","null"
"b0a20c8e-24e0-4046-adca-f7bfd5da8c74","4440","""eafeb130-ee30-4cc3-8a7f-894450f9e8f4""","""23-PI-92540""","""23-PT-92540""","""SOFT TAG VRD - PH 1STSTGCOMP SUCTION""","""row-26""","683051","""23-PI-92540""","null"
"185cc1db-c816-47e8-b79f-2994327a9f7d","4440","""b6f0ef85-26ff-4983-a158-c67939b543e4""","""23-PT-92537""","""23-1ST STAGE COMPRESSOR-PH""","""VRD - PH 1STSTGCOMP DISCHARGE""","""row-4""","346289","""23-PT-92537""","null"
"63b3fde1-8897-471f-b17a-a6c826f3a7f0","4440","""f0385fe3-32ae-463a-b3b7-b77e84b8429e""","""23-PT-92535""","""23-1ST STAGE COMPRESSOR-PH""","""VRD - PH 1STSTGCOMP SUCTION""","""row-29""","346287","""23-PT-92535""","null"
"35c2f7b3-48a2-4c94-86f0-6648a99cb886","4440","""a625fdce-5f59-4a42-ad10-684edddc2774""","""23-FT-92537-01""","""23-FE-92537""","""VRD - PH 1STSTGCOMP DISCHARGE""","""row-21""","345860","""23-FT-92537-01""","null"
"ead11b90-0806-4fdb-80af-54fa3b6096f3","null","""14b558b5-c370-4a22-949f-d18c43e14019""","""Aker BP""","null","""Aker BP""","""row-6""","null","""Aker BP""","null"
"ef11d44d-8df2-4246-8237-3349aa753a3f","4440","""2ec18e0a-9ec5-47be-a3c6-c79288caceea""","""23-FZSL-92542""","""23-FV-92542""","""VRD - PH 1STSTGCOMP HOT GAS BP""","""row-30""","345899","""23-FZSL-92542""","null"
"277080f4-5b12-4952-ab43-51bbfc91131e","4440","""3057451c-b1b4-47db-9269-e8341faf0a09""","""23-FT-92537-02""","""23-FE-92537""","""VRD - PH 1STSTGCOMP DISCHARGE""","""row-15""","345861","""23-FT-92537-02""","null"
"5b9041e2-2375-437f-8a17-39899ca2c3f6","4440","""d79aa527-a0e5-42c2-896d-127cca893984""","""23-FI-92537-01""","""23-FT-92537-01""","""SOFT TAG VRD - PH 1STSTGCOMP DISCHARGE""","""row-24""","682948","""23-FI-92537-01""","null"
"abc8be69-7fb9-4413-9c72-15b1c0d9cd0a","4440","""590309ac-1854-4587-96d8-d783c334fb7c""","""23-PDT-92534""","""PH-S-1305""","""VRD - PH 1STSTGCOMP SUCTION""","""row-0""","346176","""23-PDT-92534""","null"
"b4cea525-d145-45e8-85cb-8f85e3e32467","4440","""7e42d1a2-bed9-41d5-89b2-fd893f535091""","""23-FC-92542""","""23-FV-92542""","""SOFT TAG VRD - PH 1STSTGCOMP HOT GAS BP""","""row-9""","682941","""23-FC-92542""","null"
"b73c8bd9-2ae1-4905-95ff-bec5e5c15a88","4440","""6e9c8dbe-08ba-4d3a-9cbf-6665c4abc7d3""","""23-PT-92540""","""23-1ST STAGE COMPRESSOR-PH""","""VRD - PH 1STSTGCOMP SUCTION""","""row-8""","346291","""23-PT-92540""","null"
"c24a70fd-069d-439d-8af1-3173e54cc86a","4440","""4bb55efa-0e82-4d0a-8bc8-73998bf5429d""","""23-PT-92539""","""23-1ST STAGE COMPRESSOR-PH""","""VRD - PH 1STSTGCOMP DISCHARGE""","""row-32""","346290","""23-PT-92539""","null"
"e2a64971-7e2f-42f0-a22d-82a32667e198","4440","""4bf72d88-2305-4b8c-b536-6a35634529d0""","""23-PI-92531""","""23-PT-92531""","""SOFT TAG VRD - PH 1STSTGCOMP SUCTION""","""row-20""","683045","""23-PI-92531""","null"
"f660ede1-69ba-462f-bd17-4429343b7ef4","4440","""e0b8ab21-e762-49c2-8864-291416700041""","""23-PI-92535""","""23-PT-92535""","""SOFT TAG VRD - PH 1STSTGCOMP SUCTION""","""row-25""","683047","""23-PI-92535""","null"
"044497ec-8c37-4e6e-ab7b-f4ecfdae01d3","4440","""8086bc68-c1c7-4046-8bdd-ea951df7d7a3""","""23-FE-92537""","""23-1ST STAGE COMPRESSOR-PH""","""VRD - PH 1STSTGCOMP DISCHARGE""","""row-2""","345725","""23-FE-92537""","null"
"0d8d730f-a708-42af-8f3b-a32f88ede019","4440","""dd3873b3-aaef-432c-9739-73f2092a1022""","""23-FY-92542-03""","""23-FV-92542""","""VRD - PH 1STSTGCOMP HOT GAS BP""","""row-18""","345888","""23-FY-92542-03""","null"
"10b86bf0-006b-44ba-9008-384d4015d881","4440","""689751fe-a830-49c8-b682-0cabd87d08aa""","""23-FZSH-92542""","""23-FV-92542""","""VRD - PH 1STSTGCOMP HOT GAS BP""","""row-1""","345894","""23-FZSH-92542""","null"
"58b9b293-4c02-4a0a-875d-54e213a76d66","4440","""4eaada60-ee3a-4c0a-9a58-c69f4cdfe253""","""23-PI-92537""","""23-PT-92537""","""SOFT TAG VRD - PH 1STSTGCOMP DISCHARGE""","""row-23""","683049","""23-PI-92537""","null"
"5bf73b4c-4121-457b-baee-cfe3cab9fe94","""null""","""940b3306-a395-4bf7-b52a-dc8599132288""","""VAL""","""Aker BP""","""Valhall plattform""","""row-17""","""null""","""VAL""","null"
"934d2b0c-543e-4a8f-9078-8fcb6bbeefa1","4440","""b2a8928c-69b5-4ea1-9cb0-ec8b855fe1c5""","""23-PI-92532""","""23-PT-92532""","""SOFT TAG VRD - PH 1STSTGCOMP SUCTION""","""row-34""","683046","""23-PI-92532""","null"
"a8988fc9-9088-48bb-8f21-532a93fa2cf1","4440","""a7e91070-9f11-4185-9d98-cf803c9b3a86""","""23-PI-92536""","""23-PT-92536""","""SOFT TAG VRD - PH 1STSTGCOMP DISCHARGE""","""row-3""","683048","""23-PI-92536""","null"
"e6d2be1d-a1e5-4f4e-a6b2-80cab5026ca4","4440","""b5971654-06ff-499f-8b05-b2960b10183f""","""23-PT-92531""","""23-1ST STAGE COMPRESSOR-PH""","""VRD - PH 1STSTGCOMP SUCTION""","""row-14""","346285","""23-PT-92531""","null"
"6502e1ff-750b-4a7c-9fc8-3b9cc3a723e4","4440","""bfc67232-9b8c-418c-8796-c625ce608f51""","""23-PT-92536""","""23-1ST STAGE COMPRESSOR-PH""","""VRD - PH 1STSTGCOMP DISCHARGE""","""row-11""","346288","""23-PT-92536""","null"
"8ef671ff-108a-41f9-9515-d8a4fe2fdc38","4440","""afc75587-2cbc-40b8-abbd-0dad60c33b2e""","""23-TT-92533""","""23-1ST STAGE COMPRESSOR-PH""","""VRD - PH 1STSTGCOMP SUCTION""","""row-22""","346603","""23-TT-92533""","null"
"d4f051de-4b26-4b4f-b3e5-a8eb8a2e3112","4440","""fe1e560f-4779-4bdb-9006-b3b6f08fbc83""","""23-PT-92532""","""23-1ST STAGE COMPRESSOR-PH""","""VRD - PH 1STSTGCOMP SUCTION""","""row-31""","346286","""23-PT-92532""","null"
"db91413b-0cc0-464f-83e2-7313367827ca","4440","""0e5885fc-5c21-4bd6-8146-854b26f5039e""","""23-TT-92532""","""23-1ST STAGE COMPRESSOR-PH""","""VRD - PH 1STSTGCOMP SUCTION""","""row-5""","346602","""23-TT-92532""","null"
"09fb05c6-f001-43d2-8f05-c2a574728088","4440","""89e893d3-c0a2-4b62-b0cc-f50e5c6ca935""","""23-PDI-92530""","""23-PDT-92530""","""SOFT TAG VRD - PH 1STSTGCOMP SUCT STR""","""row-27""","683003","""23-PDI-92530""","null"
"11fc8ca8-9d66-42c5-a451-b6ec4db0d934","4440","""bed23ead-5b01-4207-8c43-624bc1c4cd85""","""23-TT-92536""","""23-1ST STAGE COMPRESSOR-PH""","""VRD - PH 1STSTGCOMP DISCHARGE""","""row-35""","346604","""23-TT-92536""","null"
"a21cf9b6-350b-4020-903f-8efaa23df304","4440","""1c046ad7-af60-4c86-9941-7979f5c628e0""","""23-1ST STAGE COMPRESSOR-PH""","""VAL""","""1ST STAGE COMPRESSOR ON PH""","""row-7""","681824","""23-1ST STAGE COMPRESSOR-PH""","null"