mobile_name,mobile_color,dual_sim,disp_size (cm),resolution,os,num_cores,mp_speed (GHz),int_memory (GB),ram (GB),p_cam,f_cam,4G VOLTE,5G,4G,bluetooth,battery_power (mAh),mob_width,mob_height,mob_depth,mob_weight,mobile_price
"Realme Narzo 10A (So White, 32 GB)",So White,Dual Sim,16.56,1600 x 720 Pixels,Android 10,Octa Core,2,32,3,12MP + 2MP + 2MP,5MP Front Camera,TRUE,FALSE,TRUE,Yes,5000,75 mm,164.4 mm,8.95 mm,195 g,8999
"Realme Narzo 10A (So Blue, 32 GB)",So Blue,Dual Sim,16.56,1600 x 720 Pixels,Android 10,Octa Core,2,32,3,12MP + 2MP + 2MP,5MP Front Camera,TRUE,FALSE,TRUE,Yes,5000,75 mm,164.4 mm,8.95 mm,195 g,8999
"Realme Narzo 10A (So Blue, 64 GB)",So Blue,Dual Sim,16.56,1600 x 720 Pixels,Android 10,Octa Core,2,64,4,12MP + 2MP + 2MP,5MP Front Camera,TRUE,FALSE,TRUE,Yes,5000,75 mm,164.4 mm,8.95 mm,195 g,9999
"Realme Narzo 10A (So White, 64 GB)",So White,Dual Sim,16.56,1600 x 720 Pixels,Android 10,Octa Core,2,64,4,12MP + 2MP + 2MP,5MP Front Camera,TRUE,FALSE,TRUE,Yes,5000,75 mm,164.4 mm,8.95 mm,195 g,9999
"Realme Narzo 10 (That Green, 128 GB)",That Green,Dual Sim,16.56,1600 x 720 Pixels,Android 10,Octa Core,2,128,4,48MP + 8MP + 2MP + 2MP,16MP Front Camera,TRUE,FALSE,TRUE,Yes,5000,75.4 mm,164.4 mm,9 mm,199 g,11999
"Realme Narzo 10 (That White, 128 GB)",That White,Dual Sim,16.56,1600 x 720 Pixels,Android 10,Octa Core,2,128,4,48MP + 8MP + 2MP + 2MP,16MP Front Camera,TRUE,FALSE,TRUE,Yes,5000,75.4 mm,164.4 mm,9 mm,199 g,11999
"Realme 5 Pro (Crystal Green, 64 GB)",Crystal Green,Dual Sim,16.56,2340 x 1080 pixels,Android Pie 9.0,Octa Core,2.3,64,6,48MP + 8MP + 2MP + 2MP Quad Camera,16MP Front Camera,TRUE,FALSE,TRUE,Yes,4035,74.2 mm,157 mm,8.9 mm,184 g,14999
"Realme 5 Pro (Crystal Green, 128 GB)",Crystal Green,Dual Sim,16.56,2340 x 1080 pixels,Android Pie 9.0,Octa Core,2.3,128,8,48MP + 8MP + 2MP + 2MP Quad Camera,16MP Front Camera,TRUE,FALSE,TRUE,Yes,4035,74.2 mm,157 mm,8.9 mm,184 g,16999
"Realme 5 Pro (Sparkling Blue, 128 GB)",Sparkling Blue,Dual Sim,16.56,2340 x 1080 pixels,Android Pie 9.0,Octa Core,2.3,128,8,48MP + 8MP + 2MP + 2MP Quad Camera,16MP Front Camera,TRUE,FALSE,TRUE,Yes,4035,74.2 mm,157 mm,8.9 mm,184 g,16999
"Realme 5 Pro (Sparkling Blue, 64 GB)",Sparkling Blue,Dual Sim,16.56,2340 x 1080 pixels,Android Pie 9.0,Octa Core,2.3,64,4,48MP + 8MP + 2MP + 2MP Quad Camera,16MP Front Camera,TRUE,FALSE,TRUE,Yes,4035,74.2 mm,157 mm,8.9 mm,184 g,13999
"Realme X2 Pro (Lunar White, 256 GB)",Lunar White,Dual Sim,16.56,2400 x 1080 Pixels,Android Pie 9,Octa Core,2.96,256,12,64MP + 13MP + 8MP + 2MP,16MP Front Camera,TRUE,FALSE,TRUE,Yes,4000,75.7 mm,161 mm,8.7 mm,199 g,35999
"Realme X2 Pro (Neptune Blue, 256 GB)",Neptune Blue,Dual Sim,16.56,2400 x 1080 Pixels,Android Pie 9,Octa Core,2.96,256,12,64MP + 13MP + 8MP + 2MP,16MP Front Camera,TRUE,FALSE,TRUE,Yes,4000,75.7 mm,161 mm,8.7 mm,199 g,35999
"Realme X2 Pro (Neptune Blue, 128 GB)",Neptune Blue,Dual Sim,16.56,2400 x 1080 Pixels,Android Pie 9,Octa Core,2.96,128,8,64MP + 13MP + 8MP + 2MP,16MP Front Camera,TRUE,FALSE,TRUE,Yes,4000,75.7 mm,161 mm,8.7 mm,199 g,31999
"Realme X2 Pro (Lunar White, 128 GB)",Lunar White,Dual Sim,16.56,2400 x 1080 Pixels,Android Pie 9,Octa Core,2.96,128,8,64MP + 13MP + 8MP + 2MP,16MP Front Camera,TRUE,FALSE,TRUE,Yes,4000,75.7 mm,161 mm,8.7 mm,199 g,31999
"Realme 2 Pro (Black Sea, 128 GB)",Black Sea,Dual Sim,16.56,2340 x 1080 pixels,Android Oreo 8.1,Octa Core,1.95,128,8,16MP + 2MP,16MP Front Camera,TRUE,FALSE,TRUE,Yes,3500,74 mm,156.7 mm,8.5 mm,174 g,15490
"Realme XT (Pearl Blue, 64 GB)",Pearl Blue,Dual Sim,16.56,1080 x 2340 Pixels,Android Pie 9.0,Octa Core,2.3,64,4,64MP + 8MP + 2MP + 2MP Quad Camera,16MP Front Camera,FALSE,FALSE,TRUE,Yes,4000,75.16 mm,158.7 mm,8.55 mm,183 g,16999
"Realme XT (Pearl White, 64 GB)",Pearl White,Dual Sim,16.56,1080 x 2340 Pixels,Android Pie 9.0,Octa Core,2.3,64,4,64MP + 8MP + 2MP + 2MP Quad Camera,16MP Front Camera,FALSE,FALSE,TRUE,Yes,4000,75.16 mm,158.7 mm,8.55 mm,183 g,16999
"Realme X50 Pro (Rust Red, 128 GB)",Rust Red,Dual Sim,16.56,1080 x 2400 Pixels,Android 10,Octa Core,2.8,128,8,64MP + 12MP + 8MP + 2MP,32MP + 8MP Dual Front Camera,TRUE,TRUE,TRUE,Yes,4200,74.24 mm,158.96 mm,9.65 mm,207 g,41999
"Realme X50 Pro (Moss Green, 128 GB)",Moss Green,Dual Sim,16.56,1080 x 2400 Pixels,Android 10,Octa Core,2.8,128,8,64MP + 12MP + 8MP + 2MP,32MP + 8MP Dual Front Camera,TRUE,TRUE,TRUE,Yes,4200,74.24 mm,158.96 mm,9.65 mm,207 g,41999
"Realme X50 Pro (Moss Green, 256 GB)",Moss Green,Dual Sim,16.56,1080 x 2400 Pixels,Android 10,Octa Core,2.8,256,12,64MP + 12MP + 8MP + 2MP,32MP + 8MP Dual Front Camera,TRUE,TRUE,TRUE,Yes,4200,74.24 mm,158.96 mm,9.65 mm,207 g,46999
"Realme C3 (Frozen Blue, 32 GB)",Frozen Blue,Dual Sim,16.56,720 x 1600 Pixels,Android 10,Octa Core,2,32,3,12MP + 2MP,5MP Front Camera,TRUE,FALSE,TRUE,Yes,5000,75 mm,164.4 mm,8.95 mm,195 g,8999
"Realme 6 (Comet White, 128 GB)",Comet White,Dual Sim,16.56,2400 x 1080 Pixels,Android 10,Octa Core,2.05,128,6,64MP + 8MP + 2MP + 2MP,16MP Front Camera,TRUE,FALSE,TRUE,Yes,4300,74.8 mm,162.1 mm,9.6 mm,191 g,16999
"Realme 6 Pro (Lightning Orange, 128 GB)",Lightning Orange,Dual Sim,16.56,2400 x 1080 Pixels,Android 10,Octa Core,2.3,128,8,64MP + 12MP + 8MP + 2MP,16MP + 8MP Dual Front Camera,TRUE,FALSE,TRUE,Yes,4300,75.8 mm,163.9 mm,9.4 mm,195 g,19999
"Realme 6 Pro (Lightning Blue, 128 GB)",Lightning Blue,Dual Sim,16.56,2400 x 1080 Pixels,Android 10,Octa Core,2.3,128,8,64MP + 12MP + 8MP + 2MP,16MP + 8MP Dual Front Camera,TRUE,FALSE,TRUE,Yes,4300,75.8 mm,163.9 mm,9.4 mm,195 g,19999
"Realme C2 (Diamond Black, 32 GB)",Diamond Black,Dual Sim,16.56,1560 x 720 pixels,Android Pie 9.0,Octa Core,2,32,2,13MP + 2MP,5MP Front Camera,TRUE,FALSE,TRUE,Yes,4000,73.7 mm,154.3 mm,8.5 mm,166 g,6999
"Realme C2 (Diamond Blue, 32 GB)",Diamond Blue,Dual Sim,16.56,1560 x 720 pixels,Android Pie 9.0,Octa Core,2,32,2,13MP + 2MP,5MP Front Camera,TRUE,FALSE,TRUE,Yes,4000,73.7 mm,154.3 mm,8.5 mm,166 g,6999
"Realme C2 (Diamond Black, 32 GB)",Diamond Black,Dual Sim,16.56,1560 x 720 pixels,Android Pie 9.0,Octa Core,2,32,3,13MP + 2MP,5MP Front Camera,TRUE,FALSE,TRUE,Yes,4000,73.7 mm,154.3 mm,8.5 mm,166 g,7499
"Realme C2 (Diamond Blue, 32 GB)",Diamond Blue,Dual Sim,16.56,1560 x 720 pixels,Android Pie 9.0,Octa Core,2,32,3,13MP + 2MP,5MP Front Camera,TRUE,FALSE,TRUE,Yes,4000,73.7 mm,154.3 mm,8.5 mm,166 g,7499
"Realme C2 (Diamond Ruby, 32 GB)",Diamond Ruby,Dual Sim,16.56,1560 x 720 pixels,Android Pie 9.0,Octa Core,2,32,3,13MP + 2MP,5MP Front Camera,TRUE,FALSE,TRUE,Yes,4000,73.7 mm,154.3 mm,8.5 mm,166 g,7499
"Realme 6 (Comet Blue, 128 GB)",Comet Blue,Dual Sim,16.56,2400 x 1080 Pixels,Android 10,Octa Core,2.05,128,8,64MP + 8MP + 2MP + 2MP,16MP Front Camera,TRUE,FALSE,TRUE,Yes,4300,74.8 mm,162.1 mm,9.6 mm,191 g,17999
"Realme C2 (Diamond Sapphire, 32 GB)",Diamond Sapphire,Dual Sim,16.56,1560 x 720 pixels,Android Pie 9.0,Octa Core,2,32,3,13MP + 2MP,5MP Front Camera,TRUE,FALSE,TRUE,Yes,4000,73.7 mm,154.3 mm,8.5 mm,166 g,7499
"Realme 5 Pro (Crystal Green, 64 GB)",Crystal Green,Dual Sim,16.56,2340 x 1080 pixels,Android Pie 9.0,Octa Core,2.3,64,4,48MP + 8MP + 2MP + 2MP Quad Camera,16MP Front Camera,TRUE,FALSE,TRUE,Yes,4035,74.2 mm,157 mm,8.9 mm,184 g,13999
"Realme 5s (Crystal Red, 128 GB)",Crystal Red,Dual Sim,16.56,720 x 1600 Pixels,Android Pie 9,Octa Core,2,128,4,48MP + 8MP + 2MP + 2MP,13MP Front Camera,TRUE,FALSE,TRUE,Yes,5000,75.6 mm,164.4 mm,9.3 mm,198 g,11999
"Realme 5s (Crystal Blue, 64 GB)",Crystal Blue,Dual Sim,16.56,720 x 1600 Pixels,Android Pie 9,Octa Core,2,64,4,48MP + 8MP + 2MP + 2MP,13MP Front Camera,TRUE,FALSE,TRUE,Yes,5000,75.6 mm,164.4 mm,9.3 mm,198 g,10999
"Realme 5s (Crystal Purple, 128 GB)",Crystal Purple,Dual Sim,16.56,720 x 1600 Pixels,Android Pie 9,Octa Core,2,128,4,48MP + 8MP + 2MP + 2MP,13MP Front Camera,TRUE,FALSE,TRUE,Yes,5000,75.6 mm,164.4 mm,9.3 mm,198 g,11999
"Realme 5s (Crystal Red, 64 GB)",Crystal Red,Dual Sim,16.56,720 x 1600 Pixels,Android Pie 9,Octa Core,2,64,4,48MP + 8MP + 2MP + 2MP,13MP Front Camera,TRUE,FALSE,TRUE,Yes,5000,75.6 mm,164.4 mm,9.3 mm,198 g,10999
"Realme 5s (Crystal Blue, 128 GB)",Crystal Blue,Dual Sim,16.56,720 x 1600 Pixels,Android Pie 9,Octa Core,2,128,4,48MP + 8MP + 2MP + 2MP,13MP Front Camera,TRUE,FALSE,TRUE,Yes,5000,75.6 mm,164.4 mm,9.3 mm,198 g,11999
"Realme 5s (Crystal Purple, 64 GB)",Crystal Purple,Dual Sim,16.56,720 x 1600 Pixels,Android Pie 9,Octa Core,2,64,4,48MP + 8MP + 2MP + 2MP,13MP Front Camera,TRUE,FALSE,TRUE,Yes,5000,75.6 mm,164.4 mm,9.3 mm,198 g,10999
"Realme X2 Pro (Neptune Blue, 64 GB)",Neptune Blue,Dual Sim,16.56,2400 x 1080 Pixels,Android Pie 9,Octa Core,2.96,64,6,64MP + 13MP + 8MP + 2MP,16MP Front Camera,TRUE,FALSE,TRUE,Yes,4000,75.7 mm,161 mm,8.7 mm,199 g,29999
"Realme X2 Pro (Lunar White, 64 GB)",Lunar White,Dual Sim,16.56,2400 x 1080 Pixels,Android Pie 9,Octa Core,2.96,64,6,64MP + 13MP + 8MP + 2MP,16MP Front Camera,TRUE,FALSE,TRUE,Yes,4000,75.7 mm,161 mm,8.7 mm,199 g,29999
"Realme X2 Pro (Red Brick, 256 GB)",Red Brick,Dual Sim,16.56,2400 x 1080 Pixels,Android Pie 9,Octa Core,2.96,256,12,64MP + 13MP + 8MP + 2MP,16MP Front Camera,TRUE,FALSE,TRUE,Yes,4000,75.7 mm,161 mm,8.7 mm,199 g,36999
"Realme X2 Pro (Concrete, 256 GB)",Concrete,Dual Sim,16.56,2400 x 1080 Pixels,Android Pie 9,Octa Core,2.96,256,12,64MP + 13MP + 8MP + 2MP,16MP Front Camera,TRUE,FALSE,TRUE,Yes,4000,75.7 mm,161 mm,8.7 mm,199 g,36999
"Realme 6 (Comet White, 128 GB)",Comet White,Dual Sim,16.56,2400 x 1080 Pixels,Android 10,Octa Core,2.05,128,8,64MP + 8MP + 2MP + 2MP,16MP Front Camera,TRUE,FALSE,TRUE,Yes,4300,74.8 mm,162.1 mm,9.6 mm,191 g,17999
"Realme C2 (Diamond Sapphire, 32 GB)",Diamond Sapphire,Dual Sim,16.56,1560 x 720 pixels,Android Pie 9.0,Octa Core,2,32,3,13MP + 2MP,5MP Front Camera,TRUE,FALSE,TRUE,Yes,4000,73.7 mm,154.3 mm,8.5 mm,166 g,7499
"Realme 5 Pro (Crystal Green, 64 GB)",Crystal Green,Dual Sim,16.56,2340 x 1080 pixels,Android Pie 9.0,Octa Core,2.3,64,4,48MP + 8MP + 2MP + 2MP Quad Camera,16MP Front Camera,TRUE,FALSE,TRUE,Yes,4035,74.2 mm,157 mm,8.9 mm,184 g,13999
"Realme 5s (Crystal Red, 128 GB)",Crystal Red,Dual Sim,16.56,720 x 1600 Pixels,Android Pie 9,Octa Core,2,128,4,48MP + 8MP + 2MP + 2MP,13MP Front Camera,TRUE,FALSE,TRUE,Yes,5000,75.6 mm,164.4 mm,9.3 mm,198 g,11999
"Realme 5s (Crystal Blue, 64 GB)",Crystal Blue,Dual Sim,16.56,720 x 1600 Pixels,Android Pie 9,Octa Core,2,64,4,48MP + 8MP + 2MP + 2MP,13MP Front Camera,TRUE,FALSE,TRUE,Yes,5000,75.6 mm,164.4 mm,9.3 mm,198 g,10999
"Realme 5s (Crystal Purple, 128 GB)",Crystal Purple,Dual Sim,16.56,720 x 1600 Pixels,Android Pie 9,Octa Core,2,128,4,48MP + 8MP + 2MP + 2MP,13MP Front Camera,TRUE,FALSE,TRUE,Yes,5000,75.6 mm,164.4 mm,9.3 mm,198 g,11999
"Realme 5s (Crystal Red, 64 GB)",Crystal Red,Dual Sim,16.56,720 x 1600 Pixels,Android Pie 9,Octa Core,2,64,4,48MP + 8MP + 2MP + 2MP,13MP Front Camera,TRUE,FALSE,TRUE,Yes,5000,75.6 mm,164.4 mm,9.3 mm,198 g,10999
"Realme 5s (Crystal Blue, 128 GB)",Crystal Blue,Dual Sim,16.56,720 x 1600 Pixels,Android Pie 9,Octa Core,2,128,4,48MP + 8MP + 2MP + 2MP,13MP Front Camera,TRUE,FALSE,TRUE,Yes,5000,75.6 mm,164.4 mm,9.3 mm,198 g,11999
"Realme 5s (Crystal Purple, 64 GB)",Crystal Purple,Dual Sim,16.56,720 x 1600 Pixels,Android Pie 9,Octa Core,2,64,4,48MP + 8MP + 2MP + 2MP,13MP Front Camera,TRUE,FALSE,TRUE,Yes,5000,75.6 mm,164.4 mm,9.3 mm,198 g,10999
"Realme X2 Pro (Neptune Blue, 64 GB)",Neptune Blue,Dual Sim,16.56,2400 x 1080 Pixels,Android Pie 9,Octa Core,2.96,64,6,64MP + 13MP + 8MP + 2MP,16MP Front Camera,TRUE,FALSE,TRUE,Yes,4000,75.7 mm,161 mm,8.7 mm,199 g,29999
"Realme X2 Pro (Lunar White, 64 GB)",Lunar White,Dual Sim,16.56,2400 x 1080 Pixels,Android Pie 9,Octa Core,2.96,64,6,64MP + 13MP + 8MP + 2MP,16MP Front Camera,TRUE,FALSE,TRUE,Yes,4000,75.7 mm,161 mm,8.7 mm,199 g,29999
"Realme X2 Pro (Red Brick, 256 GB)",Red Brick,Dual Sim,16.56,2400 x 1080 Pixels,Android Pie 9,Octa Core,2.96,256,12,64MP + 13MP + 8MP + 2MP,16MP Front Camera,TRUE,FALSE,TRUE,Yes,4000,75.7 mm,161 mm,8.7 mm,199 g,36999
"Realme X2 Pro (Concrete, 256 GB)",Concrete,Dual Sim,16.56,2400 x 1080 Pixels,Android Pie 9,Octa Core,2.96,256,12,64MP + 13MP + 8MP + 2MP,16MP Front Camera,TRUE,FALSE,TRUE,Yes,4000,75.7 mm,161 mm,8.7 mm,199 g,36999
"Realme X2 (Pearl White, 128 GB)",Pearl White,Dual Sim,16.56,1080 x 2340 Pixels,Android Pie 9,Octa Core,2.2,128,6,64MP + 8MP + 2MP + 2MP,32MP Front Camera,TRUE,FALSE,TRUE,Yes,4000,75.2 mm,158.7 mm,8.6 mm,182 g,19999
"Realme X2 (Pearl Green, 128 GB)",Pearl Green,Dual Sim,16.56,1080 x 2340 Pixels,Android Pie 9,Octa Core,2.2,128,6,64MP + 8MP + 2MP + 2MP,32MP Front Camera,TRUE,FALSE,TRUE,Yes,4000,75.2 mm,158.7 mm,8.6 mm,182 g,19999
"Realme X2 (Pearl Blue, 64 GB)",Pearl Blue,Dual Sim,16.56,1080 x 2340 Pixels,Android Pie 9,Octa Core,2.2,64,4,64MP + 8MP + 2MP + 2MP,32MP Front Camera,TRUE,FALSE,TRUE,Yes,4000,75.2 mm,158.7 mm,8.6 mm,182 g,17999
"Realme X2 (Pearl Green, 64 GB)",Pearl Green,Dual Sim,16.56,1080 x 2340 Pixels,Android Pie 9,Octa Core,2.2,64,4,64MP + 8MP + 2MP + 2MP,32MP Front Camera,TRUE,FALSE,TRUE,Yes,4000,75.2 mm,158.7 mm,8.6 mm,182 g,17999
"Realme X2 (Pearl Green, 128 GB)",Pearl Green,Dual Sim,16.56,1080 x 2340 Pixels,Android Pie 9,Octa Core,2.2,128,8,64MP + 8MP + 2MP + 2MP,32MP Front Camera,TRUE,FALSE,TRUE,Yes,4000,75.2 mm,158.7 mm,8.6 mm,182 g,20999
"Realme X2 (Pearl Blue, 128 GB)",Pearl Blue,Dual Sim,16.56,1080 x 2340 Pixels,Android Pie 9,Octa Core,2.2,128,6,64MP + 8MP + 2MP + 2MP,32MP Front Camera,TRUE,FALSE,TRUE,Yes,4000,75.2 mm,158.7 mm,8.6 mm,182 g,19999
"Realme X2 (Pearl Blue, 128 GB)",Pearl Blue,Dual Sim,16.56,1080 x 2340 Pixels,Android Pie 9,Octa Core,2.2,128,8,64MP + 8MP + 2MP + 2MP,32MP Front Camera,TRUE,FALSE,TRUE,Yes,4000,75.2 mm,158.7 mm,8.6 mm,182 g,20999
"Realme X2 (Pearl White, 128 GB)",Pearl White,Dual Sim,16.56,1080 x 2340 Pixels,Android Pie 9,Octa Core,2.2,128,8,64MP + 8MP + 2MP + 2MP,32MP Front Camera,TRUE,FALSE,TRUE,Yes,4000,75.2 mm,158.7 mm,8.6 mm,182 g,20999
"Realme C2 (Diamond Blue, 16 GB)",Diamond Blue,Dual Sim,16.56,1560 x 720 pixels,Android Pie 9.0,Octa Core,2,16,2,13MP + 2MP,5MP Front Camera,TRUE,FALSE,TRUE,Yes,4000,73.7 mm,154.3 mm,8.5 mm,166 g,6499
"Realme Narzo 10 (That Blue, 128 GB)",That Blue,Dual Sim,16.56,1600 x 720 Pixels,Android 10,Octa Core,2,128,4,48MP + 8MP + 2MP + 2MP,16MP Front Camera,TRUE,FALSE,TRUE,Yes,5000,75.4 mm,164.4 mm,9 mm,199 g,11999
"Realme X3 (Glacier Blue, 128 GB)",Glacier Blue,Dual Sim,16.56,2400 × 1080 Pixels,Android 10,Octa Core,2.96,128,8,64MP + 12MP + 8MP + 2MP,16MP + 8MP Dual Front Camera,TRUE,FALSE,TRUE,Yes,4200,75.8 mm,163.8 mm,9.3 mm,202 g,25999
"Realme X3 (Glacier Blue, 128 GB)",Glacier Blue,Dual Sim,16.56,2400 × 1080 Pixels,Android 10,Octa Core,2.96,128,6,64MP + 12MP + 8MP + 2MP,16MP + 8MP Dual Front Camera,TRUE,FALSE,TRUE,Yes,4200,75.8 mm,163.8 mm,9.3 mm,202 g,24999
"Realme X3 (Arctic White, 128 GB)",Arctic White,Dual Sim,16.56,2400 × 1080 Pixels,Android 10,Octa Core,2.96,128,8,64MP + 12MP + 8MP + 2MP,16MP + 8MP Dual Front Camera,TRUE,FALSE,TRUE,Yes,4200,75.8 mm,163.8 mm,9.3 mm,202 g,25999
"Realme X3 SuperZoom (Glacier Blue, 128 GB)",Glacier Blue,Dual Sim,16.56,2400 × 1080 Pixels,Android 10,Octa Core,2.96,128,8,64MP + 8MP + 8MP + 2MP,32MP + 8MP Dual Front Camera,TRUE,FALSE,TRUE,Yes,4200,75.8 mm,163.8 mm,9.3 mm,202 g,27999
"Realme X3 SuperZoom (Glacier Blue, 256 GB)",Glacier Blue,Dual Sim,16.56,2400 × 1080 Pixels,Android 10,Octa Core,2.96,256,12,64MP + 8MP + 8MP + 2MP,32MP + 8MP Dual Front Camera,TRUE,FALSE,TRUE,Yes,4200,75.8 mm,163.8 mm,9.3 mm,202 g,32999
"Realme X3 SuperZoom (Arctic White, 256 GB)",Arctic White,Dual Sim,16.56,2400 × 1080 Pixels,Android 10,Octa Core,2.96,256,12,64MP + 8MP + 8MP + 2MP,32MP + 8MP Dual Front Camera,TRUE,FALSE,TRUE,Yes,4200,75.8 mm,163.8 mm,9.3 mm,202 g,32999
"Realme X3 SuperZoom (Arctic White, 128 GB)",Arctic White,Dual Sim,16.56,2400 × 1080 Pixels,Android 10,Octa Core,2.96,128,8,64MP + 8MP + 8MP + 2MP,32MP + 8MP Dual Front Camera,TRUE,FALSE,TRUE,Yes,4200,75.8 mm,163.8 mm,9.3 mm,202 g,27999
"Realme 3 (Dynamic Black, 32 GB)",Dynamic Black,Dual Sim,16.56,1520 x 720 pixels,Android Pie 9.0,Octa Core,2.1,32,3,13MP + 2MP,13MP Front Camera,TRUE,FALSE,TRUE,Yes,4230,75.6 mm,156.1 mm,8.3 mm,175 g,8499
"Realme 3 (Diamond Red, 64 GB)",Diamond Red,Dual Sim,16.56,1520 x 720 pixels,Android Pie 9,Octa Core,2.1,64,4,13MP + 2MP,13MP Front Camera,TRUE,FALSE,TRUE,Yes,4230,75.6 mm,156.1 mm,8.3 mm,175 g,9499
"Realme 3 (Radiant Blue, 64 GB)",Radiant Blue,Dual Sim,16.56,1520 x 720 pixels,Android Pie 9,Octa Core,2.1,64,3,13MP + 2MP,13MP Front Camera,TRUE,FALSE,TRUE,Yes,4230,75.6 mm,156.1 mm,8.3 mm,175 g,9499
"Realme 3 (Dynamic Black, 64 GB)",Dynamic Black,Dual Sim,16.56,1520 x 720 pixels,Android Pie 9,Octa Core,2.1,64,3,13MP + 2MP,13MP Front Camera,TRUE,FALSE,TRUE,Yes,4230,75.6 mm,156.1 mm,8.3 mm,175 g,9499
"Realme 3 (Diamond Red, 32 GB)",Diamond Red,Dual Sim,16.56,1520 x 720 pixels,Android Pie 9,Octa Core,2.1,32,3,13MP + 2MP,13MP Front Camera,TRUE,FALSE,TRUE,Yes,4230,75.6 mm,156.1 mm,8.3 mm,175 g,8499
"Realme 3 (Radiant Blue, 64 GB)",Radiant Blue,Dual Sim,16.56,1520 x 720 pixels,Android Pie 9.0,Octa Core,2.1,64,4,13MP + 2MP,13MP Front Camera,TRUE,FALSE,TRUE,Yes,4230,75.6 mm,156.1 mm,8.3 mm,175 g,10499
"Realme 3 (Black, 64 GB)",Black,Dual Sim,16.56,1520 x 720 pixels,Android Pie 9.0,Octa Core,2.1,64,4,13MP + 2MP,13MP Front Camera,TRUE,FALSE,TRUE,Yes,4230,75.6 mm,156.1 mm,8.3 mm,175 g,10499
"Redmi 8 (Sapphire Blue, 64 GB)",Sapphire Blue,Dual Sim,16.56,1520 x 720 Pixels,Android Pie 9,Octa Core,1.95,64,4,12MP + 2MP,8MP Front Camera,TRUE,FALSE,TRUE,Yes,5000,75.41 mm,156.48 mm,9.4 mm,188 g,9799
"Redmi 8 (Onyx Black, 64 GB)",Onyx Black,Dual Sim,16.56,1520 x 720 Pixels,Android Pie 9,Octa Core,1.95,64,4,12MP + 2MP,8MP Front Camera,TRUE,FALSE,TRUE,Yes,5000,75.41 mm,156.48 mm,9.4 mm,188 g,9799
"Redmi K20 Pro (Flame Red, 128 GB)",Flame Red,Dual Sim,16.56,2340 x 1080 pixels,Android Pie 9.0,Octa Core,2.84,128,6,48MP + 13MP + 8MP,20MP Front Camera,TRUE,FALSE,TRUE,Yes,4000,74.3 mm,156.7 mm,8.8 mm,191 g,24999
"Redmi Note 9 Pro (Aurora Blue, 64 GB)",Aurora Blue,Dual Sim,16.56,2400 x 1080 pixel,Android Pie 10,Octa Core,2.3,64,4,48MP + 8MP + 5MP + 2MP,16MP Front Camera,TRUE,FALSE,TRUE,Yes,5020,76.68 mm,165.75 mm,8.8 mm,209 g,16999
"Redmi K20 Pro (Carbon Black, 128 GB)",Carbon Black,Dual Sim,16.56,2340 x 1080 pixels,Android Pie 9.0,Octa Core,2.84,128,6,48MP + 13MP + 8MP,20MP Front Camera,TRUE,FALSE,TRUE,Yes,4000,74.3 mm,156.7 mm,8.8 mm,191 g,24999
"Mi A3 (More Than White, 128 GB)",More Than White,Dual Sim,16.56,1560 x 720 Pixels,Android Pie 9,Octa Core,2,128,6,48MP + 8MP + 2MP,32MP Front Camera,TRUE,FALSE,TRUE,Yes,4030,71.85 mm,153.48 mm,8.475 mm,173.8 g,16939
"Redmi K20 Pro (Glacier Blue, 128 GB)",Glacier Blue,Dual Sim,16.56,2340 x 1080 pixels,Android Pie 9.0,Octa Core,2.84,128,6,48MP + 13MP + 8MP,20MP Front Camera,TRUE,FALSE,TRUE,Yes,4000,74.3 mm,156.7 mm,8.8 mm,191 g,24999
"Redmi Note 7 Pro (Space Black, 128 GB)",Space Black,Dual Sim,16.56,2340 x 1080 pixels,Android Pie 9.0,Octa Core,2,128,6,48MP + 5MP,13MP Front Camera,TRUE,FALSE,TRUE,Yes,4000,75.21 mm,159.21 mm,8.1 mm,186 g,16999
"Mi A3 (Not just Blue, 128 GB)",Not just Blue,Dual Sim,16.56,1560 x 720 Pixels,Android Pie 9,Octa Core,2,128,6,48MP + 8MP + 2MP,32MP Front Camera,TRUE,FALSE,TRUE,Yes,4030,71.85 mm,153.48 mm,8.475 mm,173.8 g,14999
"Mi Mix 2 (Black, 128 GB)",Black,Dual Sim,16.56,2160 x 1080 Pixels,Android Nougat 7.1.1,Octa Core,2.5,128,6,12MP Rear Camera,5MP Front Camera,TRUE,FALSE,TRUE,Yes,3400,75.49 mm,151.86 mm,7.7 mm,185 g,16999
"Redmi K20 Pro (Pearl White, 128 GB)",Pearl White,Dual Sim,16.56,2340 x 1080 pixels,Android Pie 9.0,Octa Core,2.84,128,6,48MP + 13MP + 8MP,20MP Front Camera,TRUE,FALSE,TRUE,Yes,4000,74.3 mm,156.7 mm,8.8 mm,191 g,24999
"Mi A3 (Kind of Grey, 128 GB)",Kind of Grey,Dual Sim,16.56,1560 x 720 Pixels,Android Pie 9,Octa Core,2,128,6,48MP + 8MP + 2MP,32MP Front Camera,TRUE,FALSE,TRUE,Yes,4030,71.85 mm,153.48 mm,8.475 mm,173.8 g,17350
"Redmi K20 Pro (Carbon Black, 256 GB)",Carbon Black,Dual Sim,16.56,2340 x 1080 pixels,Android Pie 9.0,Octa Core,2.84,256,8,48MP + 13MP + 8MP,20MP Front Camera,TRUE,FALSE,TRUE,Yes,4000,74.3 mm,156.7 mm,8.8 mm,191 g,29999
"Redmi Note 7 Pro (Nebula Red, 128 GB)",Nebula Red,Dual Sim,16.56,2340 x 1080 pixels,Android Pie 9.0,Octa Core,2,128,6,48MP + 5MP,13MP Front Camera,TRUE,FALSE,TRUE,Yes,4000,75.21 mm,159.21 mm,8.1 mm,186 g,13999
"Redmi K20 (Carbon Black, 64 GB)",Carbon Black,Dual Sim,16.56,2340 x 1080 pixels,Android Pie 9.0,Octa Core,2.2,64,6,48MP + 13MP + 8MP,20MP Front Camera,TRUE,FALSE,TRUE,Yes,4000,74.3 mm,156.7 mm,8.8 mm,191 g,21999
"Redmi Y2 (Gold, 64 GB)",Gold,Dual Sim,16.56,1440 x 720 pixels,Android Oreo 8.0,Octa Core,2,64,4,12MP + 5MP,16MP Front Camera,FALSE,FALSE,TRUE,Yes,3080,77.26 mm,160.73 mm,8.1 mm,168 g,13495
"Redmi K20 Pro (Pearl White, 256 GB)",Pearl White,Dual Sim,16.56,2340 x 1080 pixels,Android Pie 9,Octa Core,2.84,256,8,48MP + 13MP + 8MP,20MP Front Camera,TRUE,FALSE,TRUE,Yes,4000,74.3 mm,156.7 mm,8.8 mm,191 g,29999
"Redmi K20 (Glacier Blue, 128 GB)",Glacier Blue,Dual Sim,16.56,2340 x 1080 pixels,Android Pie 9.0,Octa Core,2.2,128,6,48MP + 13MP + 8MP,20MP Front Camera,TRUE,FALSE,TRUE,Yes,4000,74.3 mm,156.7 mm,8.8 mm,191 g,24999
"Redmi Note 6 Pro (Rose Gold, 64 GB)",Rose Gold,Dual Sim,16.56,2280 x 1080 pixels,Android Oreo 8.1,Octa Core,1.8,64,4,12MP + 5MP,20MP + 2MP Dual Front Camera,TRUE,FALSE,TRUE,Yes,4000,76.4 mm,157.9 mm,8.26 mm,181 g,15990
"Mi A2 (Red, 64 GB)",Red,Dual Sim,16.56,2160 x 1080 pixels,Android Oreo 8.1,Octa Core,2.2,64,4,20MP + 12MP,20MP Front Camera,TRUE,FALSE,TRUE,Yes,3010,75.4 mm,158.7 mm,7.3 mm,168 g,13999
"Mi 10 (Twilight Grey, 256 GB)",Twilight Grey,Dual Sim,16.56,2340 x 1080 Pixel,Android Pie 10,Octa Core,2.84,256,8,108MP Rear Camera,20MP Front Camera,TRUE,TRUE,TRUE,Yes,4780,74.8 mm,162.58 mm,8.96 mm,209 g,55799
"Mi 10 (Coral Green, 128 GB)",Coral Green,Dual Sim,16.56,2340 x 1080 Pixel,Android Pie 10,Octa Core,2.84,128,8,108MP Rear Camera,20MP Front Camera,TRUE,TRUE,TRUE,Yes,4780,74.8 mm,162.58 mm,8.96 mm,209 g,51800
"Redmi K20 (Flame Red, 128 GB)",Flame Red,Dual Sim,16.56,2340 x 1080 pixels,Android Pie 9.0,Octa Core,2.2,128,6,48MP + 13MP + 8MP,20MP Front Camera,TRUE,FALSE,TRUE,Yes,4000,74.3 mm,156.7 mm,8.8 mm,191 g,24999
"Mi A2 (Red, 128 GB)",Red,Dual Sim,16.56,2160 x 1080 Pixels,Android Oreo 8.1,Octa Core,2.2,128,6,20MP + 12MP,20MP Front Camera,TRUE,FALSE,TRUE,Yes,3010,75.4 mm,158.7 mm,7.3 mm,168 g,16899
"Mi A2 (Gold, 128 GB)",Gold,Dual Sim,16.56,2160 x 1080 Pixels,Android Oreo 8.1,Octa Core,2.2,128,6,20MP + 12MP,20MP Front Camera,TRUE,FALSE,TRUE,Yes,3010,75.4 mm,158.7 mm,7.3 mm,168 g,16899
"Redmi K20 (Carbon Black, 128 GB)",Carbon Black,Dual Sim,16.56,2340 x 1080 pixels,Android Pie 9.0,Octa Core,2.2,128,6,48MP + 13MP + 8MP,20MP Front Camera,TRUE,FALSE,TRUE,Yes,4000,74.3 mm,156.7 mm,8.8 mm,191 g,24999
"Mi A2 (Lake Blue, 128 GB)",Lake Blue,Dual Sim,16.56,2160 x 1080 Pixels,Android Oreo 8.1,Octa Core,2.2,128,6,20MP + 12MP,20MP Front Camera,TRUE,FALSE,TRUE,Yes,3010,75.4 mm,158.7 mm,7.3 mm,168 g,16899
"Redmi Note 5 Pro (Red, 64 GB)",Red,Dual Sim,16.56,2160 x 1080 Pixels,Android Nougat 7.1.2,Octa Core,1.8,64,6,12MP + 5MP,20MP Front Camera,TRUE,FALSE,TRUE,Yes,4000,75.35 mm,158.58 mm,8.05 mm,181 g,16999
"Redmi K20 (Pearl White, 128 GB)",Pearl White,Dual Sim,16.56,2340 x 1080 pixels,Android Pie 9,Octa Core,2.2,128,6,48MP + 13MP + 8MP,20MP Front Camera,TRUE,FALSE,TRUE,Yes,4000,74.3 mm,156.7 mm,8.8 mm,191 g,24999
"MI3 (Metallic Grey, 16 GB)",Metallic Grey,Single Sim,16.56,1920 x 1080 Pixels,Android KitKat 4.4.2,Quad Core,2.3,16,2,13MP Rear Camera,2MP Front Camera,FALSE,FALSE,FALSE,Yes,3050,73.6 mm,144 mm,8.1 mm,145 g,13999
"Redmi 8 (Emerald Green, 64 GB)",Emerald Green,Dual Sim,16.56,1520 x 720 Pixels,Android Pie 9,Octa Core,1.95,64,4,12MP + 2MP,8MP Front Camera,TRUE,FALSE,TRUE,Yes,5000,75.41 mm,156.48 mm,9.4 mm,188 g,9799
"Redmi 8 (Ruby Red, 64 GB)",Ruby Red,Dual Sim,16.56,1520 x 720 Pixels,Android Pie 9,Octa Core,1.95,64,4,12MP + 2MP,8MP Front Camera,TRUE,FALSE,TRUE,Yes,5000,75.41 mm,156.48 mm,9.4 mm,188 g,9799
"Redmi 8 (Onyx Black, 64 GB)",Onyx Black,Dual Sim,16.56,1520 x 720 Pixels,Android Pie 9,Octa Core,1.95,64,4,12MP + 2MP,8MP Front Camera,TRUE,FALSE,TRUE,Yes,5000,75.41 mm,156.48 mm,9.4 mm,188 g,9799
"Mi A3 (Kind of Grey, 64 GB)",Kind of Grey,Dual Sim,16.56,1560 x 720 Pixels,Android Pie 9,Octa Core,2,64,4,48MP + 8MP + 2MP,32MP Front Camera,TRUE,FALSE,TRUE,Yes,4030,71.85 mm,153.48 mm,8.475 mm,173.8 g,12999
"Redmi Note 9 Pro (Interstellar Black, 128 GB)",Interstellar Black,Dual Sim,16.56,2400 x 1080 pixel,Android Pie 10,Octa Core,2.3,128,6,48MP + 8MP + 5MP + 2MP,16MP Front Camera,TRUE,FALSE,TRUE,Yes,5020,76.68 mm,165.75 mm,8.8 mm,209 g,14999
"Redmi Note 9 Pro (Aurora Blue, 128 GB)",Aurora Blue,Dual Sim,16.56,2400 x 1080 pixel,Android Pie 10,Octa Core,2.3,128,6,48MP + 8MP + 5MP + 2MP,16MP Front Camera,TRUE,FALSE,TRUE,Yes,5020,76.68 mm,165.75 mm,8.8 mm,209 g,14999
"Redmi Note 9 Pro (Aurora Blue, 64 GB)",Aurora Blue,Dual Sim,16.56,2400 x 1080 pixel,Android Pie 10,Octa Core,2.3,64,4,48MP + 8MP + 5MP + 2MP,16MP Front Camera,TRUE,FALSE,TRUE,Yes,5020,76.68 mm,165.75 mm,8.8 mm,209 g,16998
"Redmi 8A Dual (Sea Blue, 32 GB)",Sea Blue,Dual Sim,16.56,1520 x 720$$Pixels,Android Pie 9,Octa Core,2,32,2,13MP + 2MP,8MP Dual Front Camera,TRUE,FALSE,TRUE,Yes,5000,9 mm,175 mm,92 mm,186 g,7399
"Redmi 8A Dual (Midnight Grey, 32 GB)",Midnight Grey,Dual Sim,16.56,1520 x 720$$pixel,Android Pie 9,Octa Core,2,32,3,13MP + 2MP,8MP Dual Front Camera,TRUE,FALSE,TRUE,Yes,5000,9 mm,175 mm,92 mm,186 g,7499
"Redmi Note 8 (Moonlight White, 64 GB)",Moonlight White,Dual Sim,16.56,2280 x 1080$$Pixels,Android Pie 9,Octa Core,2,64,4,48MP + 8MP,13MP Front Camera,TRUE,FALSE,TRUE,Yes,4000,8.35 mm,158.3 mm,75.3 mm,190 g,11199
"Redmi Note 8 (Neptune Blue, 128 GB)",Neptune Blue,Dual Sim,16.56,2280 x 1080$$Pixels,Android Pie 9,Octa Core,2,128,6,48MP + 8MP,13MP Front Camera,TRUE,FALSE,TRUE,Yes,4000,8.35 mm,158.3 mm,75.3 mm,190 g,13261
"Redmi Note 8 (Neptune Blue, 32 GB)",Neptune Blue,Dual Sim,16.56,2280 x 1080$$Pixels,Android Pie 9,Octa Core,2,32,3,48MP + 8MP,13MP Front Camera,TRUE,FALSE,TRUE,Yes,4000,8.35 mm,158.3 mm,75.3 mm,190 g,10978
"Mi A3 (Not just Blue, 64 GB)",Not just Blue,Dual Sim,16.56,1560 x 720 Pixels,Android Pie 9,Octa Core,2,64,4,48MP + 8MP + 2MP,32MP Front Camera,TRUE,FALSE,TRUE,Yes,4030,71.85 mm,153.48 mm,8.475 mm,173.8 g,12999
"Mi A3 (More Than White, 64 GB)",More Than White,Dual Sim,16.56,1560 x 720 Pixels,Android Pie 9,Octa Core,2,64,4,48MP + 8MP + 2MP,32MP Front Camera,TRUE,FALSE,TRUE,Yes,4030,71.85 mm,153.48 mm,8.475 mm,173.8 g,12999
"Redmi Note 8 (Neptune Blue, 64 GB)",Neptune Blue,Dual Sim,16.56,2280 x 1080$$Pixels,Android Pie 9,Octa Core,2,64,4,48MP + 8MP,13MP Front Camera,TRUE,FALSE,TRUE,Yes,4000,8.35 mm,158.3 mm,75.3 mm,190 g,11280
"Redmi Note 8 (Space Black, 64 GB)",Space Black,Dual Sim,16.56,2280 x 1080$$Pixels,Android Pie 9,Octa Core,2,64,4,48MP + 8MP,13MP Front Camera,TRUE,FALSE,TRUE,Yes,4000,8.35 mm,158.3 mm,75.3 mm,190 g,10100
"Redmi 8A Dual (Sky White, 32 GB)",Sky White,Dual Sim,16.56,1520 x 720$$Pixels,Android Pie 9,Octa Core,2,32,3,13MP + 2MP,8MP Dual Front Camera,TRUE,FALSE,TRUE,Yes,5000,9 mm,175 mm,92 mm,186 g,7450
"Redmi Note 7 Pro (Space Black, 64 GB)",Space Black,Dual Sim,16.56,2340 x 1080 pixels,Android Pie 9,Octa Core,2,64,6,48MP + 5MP,13MP Front Camera,TRUE,FALSE,TRUE,Yes,4000,75.21 mm,159.21 mm,8.1 mm,186 g,12999
"Redmi K20 Pro (Flame Red, 256 GB)",Flame Red,Dual Sim,16.56,2340 x 1080 pixels,Android Pie 9.0,Octa Core,2.84,256,8,48MP + 13MP + 8MP,20MP Front Camera,TRUE,FALSE,TRUE,Yes,4000,74.3 mm,156.7 mm,8.8 mm,191 g,29999
"Redmi Note 9 Pro (Glacier White, 64 GB)",Glacier White,Dual Sim,16.56,2400 x 1080 pixel,Android Pie 10,Octa Core,2.3,64,4,48MP + 8MP + 5MP + 2MP,16MP Front Camera,TRUE,FALSE,TRUE,Yes,5020,76.68 mm,165.75 mm,8.8 mm,209 g,12999
"Redmi Note 9 Pro (Interstellar Black, 64 GB)",Interstellar Black,Dual Sim,16.56,2400 x 1080 pixel,Android Pie 10,Octa Core,2.3,64,4,48MP + 8MP + 5MP + 2MP,16MP Front Camera,TRUE,FALSE,TRUE,Yes,5020,76.68 mm,165.75 mm,8.8 mm,209 g,12999
"Redmi 8A Dual (Sea Blue, 32 GB)",Sea Blue,Dual Sim,16.56,1520 x 720$$Pixels,Android Pie 9,Octa Core,2,32,3,13MP + 2MP,8MP Dual Front Camera,TRUE,FALSE,TRUE,Yes,5000,9 mm,175 mm,92 mm,186 g,7499
"Redmi Note 6 Pro (Black, 64 GB)",Black,Dual Sim,16.56,2280 x 1080 pixels,Android Oreo 8.1,Octa Core,1.8,64,6,12MP + 5MP,20MP + 2MP Dual Front Camera,TRUE,FALSE,TRUE,Yes,4000,76.4 mm,157.9 mm,8.26 mm,181 g,11999
"Redmi Note 6 Pro (Red, 64 GB)",Red,Dual Sim,16.56,2280 x 1080 pixels,Android Oreo 8.1,Octa Core,1.8,64,6,12MP + 5MP,20MP + 2MP Dual Front Camera,TRUE,FALSE,TRUE,Yes,4000,76.4 mm,157.9 mm,8.26 mm,181 g,11999
"Redmi Note 4 (Black, 64 GB)",Black,Dual Sim,16.56,1920 x 1080 pixels,Android Marshmallow 6.0.1,Octa Core,2,64,4,13MP Rear Camera,5MP Front Camera,TRUE,FALSE,TRUE,Yes,4100,76 mm,151 mm,8.4 mm,165 g,12999
"Redmi Note 6 Pro (Rose Gold, 64 GB)",Rose Gold,Dual Sim,16.56,2280 x 1080 pixels,Android Oreo 8.1,Octa Core,1.8,64,6,12MP + 5MP,20MP + 2MP Dual Front Camera,TRUE,FALSE,TRUE,Yes,4000,76.4 mm,157.9 mm,8.26 mm,181 g,11999
"Redmi K20 (Glacier Blue, 64 GB)",Glacier Blue,Dual Sim,16.56,2340 x 1080 pixels,Android Pie 9.0,Octa Core,2.2,64,6,48MP + 13MP + 8MP,20MP Front Camera,TRUE,FALSE,TRUE,Yes,4000,74.3 mm,156.7 mm,8.8 mm,191 g,21999
"Redmi Note 5 Pro (Gold, 64 GB)",Gold,Dual Sim,16.56,2160 x 1080 Pixels,Android Nougat 7.1.2,Octa Core,1.8,64,4,12MP + 5MP,20MP Front Camera,TRUE,FALSE,TRUE,Yes,4000,75.35 mm,158.58 mm,8.05 mm,181 g,12999
"Redmi Note 7 Pro (Astro Moonlight White, 128 GB)",Astro Moonlight White,Dual Sim,16.56,2340 x 1080 pixels,Android Pie 9,Octa Core,2,128,6,48MP + 5MP,13MP Front Camera,FALSE,FALSE,FALSE,Yes,4000,75.21 mm,159.21 mm,8.1 mm,186 g,13999
"Redmi Note 9 Pro Max (Interstellar Black, 128 GB)",Interstellar Black,Dual Sim,16.56,2400 x 1080 Pixel,Android Pie 10,Octa Core,2.3,128,6,64MP + 8MP + 5MP + 2MP,32MP Front Camera,TRUE,FALSE,TRUE,Yes,5020,76.68 mm,165.5 mm,8.8 mm,209 g,16999
"Redmi Note 9 Pro Max (Glacier White, 128 GB)",Glacier White,Dual Sim,16.56,2400 x 1080 Pixel,Android Pie 10,Octa Core,2.3,128,6,64MP + 8MP + 5MP + 2MP,32MP Front Camera,TRUE,FALSE,TRUE,Yes,5020,76.68 mm,165.5 mm,8.8 mm,209 g,16999
"Redmi 8A (Sunset Red, 32 GB)",Sunset Red,Dual Sim,16.56,1520 x 720 Pixels,Android Pie 9.0,Octa Core,1.95,32,2,12MP Rear Camera,8MP Front Camera,TRUE,FALSE,TRUE,Yes,5000,75.41 mm,156.48 mm,9.4 mm,188 g,6999
"Redmi Note 7 Pro (Space Black, 64 GB)",Space Black,Dual Sim,16.56,2340 x 1080 pixels,Android Pie 9.0,Octa Core,2,64,4,48MP + 5MP,13MP Front Camera,TRUE,FALSE,TRUE,Yes,4000,75.21 mm,159.21 mm,8.1 mm,186 g,10999
"Mi 10 (Coral Green, 256 GB)",Coral Green,Dual Sim,16.56,2340 x 1080 Pixel,Android Pie 10,Octa Core,2.84,256,8,108MP Rear Camera,20MP Front Camera,TRUE,TRUE,TRUE,Yes,4780,74.8 mm,162.58 mm,8.96 mm,209 g,55400
"Redmi Note 5 Pro (Black, 64 GB)",Black,Dual Sim,16.56,2160 x 1080 Pixels,Android Nougat 7.1.2,Octa Core,1.8,64,6,12MP + 5MP,20MP Front Camera,TRUE,FALSE,TRUE,Yes,4000,75.35 mm,158.58 mm,8.05 mm,181 g,13999
"Redmi Note 5 Pro (Rose Gold, 64 GB)",Rose Gold,Dual Sim,16.56,2160 x 1080 Pixels,Android Nougat 7.1.2,Octa Core,1.8,64,6,12MP + 5MP,20MP Front Camera,TRUE,FALSE,TRUE,Yes,4000,75.35 mm,158.58 mm,8.05 mm,181 g,16999
"Redmi Note 5 Pro (Red, 64 GB)",Red,Dual Sim,16.56,2160 x 1080 Pixels,Android Nougat 7.1.2,Octa Core,1.8,64,4,12MP + 5MP,20MP Front Camera,TRUE,FALSE,TRUE,Yes,4000,75.35 mm,158.58 mm,8.05 mm,181 g,12999
"Mi A2 (Red, 64 GB)",Red,Dual Sim,16.56,2160 x 1080 pixels,Android Oreo 8.1,Octa Core,2.2,64,4,20MP + 12MP,20MP Front Camera,TRUE,FALSE,TRUE,Yes,3010,75.4 mm,158.7 mm,7.3 mm,168 g,13999
"Redmi Note 5 Pro (Gold, 64 GB)",Gold,Dual Sim,16.56,2160 x 1080 Pixels,Android Nougat 7.1.2,Octa Core,1.8,64,6,12MP + 5MP,20MP Front Camera,TRUE,FALSE,TRUE,Yes,4000,75.35 mm,158.58 mm,8.05 mm,181 g,17999
"Mi A2 (Blue/Lake Blue, 64 GB)",Blue/Lake Blue,Dual Sim,16.56,2160 x 1080 pixels,Android Oreo 8.1,Octa Core,2.2,64,4,20MP + 12MP,20MP Front Camera,TRUE,FALSE,TRUE,Yes,3010,75.4 mm,158.7 mm,7.3 mm,168 g,13999
"Redmi Go (Blue, 16 GB)",Blue,Dual Sim,16.56,1280 x 720 pixels,Android Oreo 8.1,Quad Core,1.4,16,1,8MP Rear Camera,5MP Front Camera,TRUE,FALSE,TRUE,Yes,3000,70.1 mm,140.4 mm,8.35 mm,137 g,6700
"Redmi Note 5 Pro (Black, 64 GB)",Black,Dual Sim,16.56,2160 x 1080 Pixels,Android Nougat 7.1.2,Octa Core,1.8,64,4,12MP + 5MP,20MP Front Camera,TRUE,FALSE,TRUE,Yes,4000,75.35 mm,158.58 mm,8.05 mm,181 g,12999
"Redmi Note 7S (Sapphire Blue, 32 GB)",Sapphire Blue,Dual Sim,16.56,2340 x 1080 pixels,Android Pie 9.0,Octa Core,2.2,32,3,48MP + 5MP,13MP Front Camera,TRUE,FALSE,TRUE,Yes,4000,75.21 mm,159.21 mm,8.1 mm,186 g,9999
"Redmi Y2 (Rose Gold, 64 GB)",Rose Gold,Dual Sim,16.56,1440 x 720 pixels,Android Oreo 8.0,Octa Core,2,64,4,12MP + 5MP,16MP Front Camera,FALSE,FALSE,TRUE,Yes,3080,77.26 mm,160.73 mm,8.1 mm,168 g,8499
"Redmi 7A (Matte Black, 32 GB)",Matte Black,Dual Sim,16.56,1440 x 720 pixels,Android Pie 9.0,Octa Core,2,32,2,12MP Rear Camera,5MP Front Camera,TRUE,FALSE,TRUE,Yes,4000,70.4 mm,146.3 mm,9.55 mm,165 g,6699
"Redmi Note 7S (Onyx Black, 64 GB)",Onyx Black,Dual Sim,16.56,2340 x 1080 pixels,Android Pie 9.0,Octa Core,2.2,64,4,48MP + 5MP,13MP Front Camera,TRUE,FALSE,TRUE,Yes,4000,75.21 mm,159.21 mm,8.1 mm,186 g,11999
"Redmi Y2 (Blue, 32 GB)",Blue,Dual Sim,16.56,1440 x 720 pixels,Android Oreo 8.0,Octa Core,2,32,3,12MP + 5MP,16MP Front Camera,FALSE,FALSE,TRUE,Yes,3080,77.26 mm,160.73 mm,8.1 mm,168 g,7999
"Redmi Y2 (Black, 64 GB)",Black,Dual Sim,16.56,1440 x 720 pixels,Android Oreo 8.0,Octa Core,2,64,4,12MP + 5MP,16MP Front Camera,FALSE,FALSE,TRUE,Yes,3080,77.26 mm,160.73 mm,8.1 mm,168 g,8499
"Redmi Note 7 (Onyx Black, 32 GB)",Onyx Black,Dual Sim,16.56,2340 x 1080 pixels,Android Pie 9.0,Octa Core,2.2,32,3,12MP + 2MP,13MP Front Camera,TRUE,FALSE,TRUE,Yes,4000,75.21 mm,159.21 mm,8.1 mm,186 g,9999
"Redmi 7A (Matte Black, 16 GB)",Matte Black,Dual Sim,16.56,1440 x 720 pixels,Android Pie 9.0,Octa Core,2,16,2,12MP Rear Camera,5MP Front Camera,TRUE,FALSE,TRUE,Yes,4000,70.4 mm,146.3 mm,9.55 mm,165 g,6499
"Redmi 6 (Rose Gold, 32 GB)",Rose Gold,Dual Sim,16.56,1440 x 720 pixels,Android Oreo 8.1,Octa Core,2,32,3,12MP + 5MP,5MP Front Camera,TRUE,FALSE,TRUE,Yes,3000,71.5 mm,147.5 mm,8.3 mm,146 g,7999
"Redmi Note 7 (Ruby Red, 32 GB)",Ruby Red,Dual Sim,16.56,2340 x 1080 pixels,Android Pie 9.0,Octa Core,2.2,32,3,12MP + 2MP,13MP Front Camera,TRUE,FALSE,TRUE,Yes,4000,75.21 mm,159.21 mm,8.1 mm,186 g,9999
"Redmi Note 7S (Ruby Red, 64 GB)",Ruby Red,Dual Sim,16.56,2340 x 1080 pixels,Android Pie 9.0,Octa Core,2.2,64,4,48MP + 5MP,13MP Front Camera,TRUE,FALSE,TRUE,Yes,4000,75.21 mm,159.21 mm,8.1 mm,186 g,11999
"Redmi 7A (Matte Gold, 16 GB)",Matte Gold,Dual Sim,16.56,1440 x 720 pixels,Android Pie 9.0,Octa Core,2,16,2,12MP Rear Camera,5MP Front Camera,TRUE,FALSE,TRUE,Yes,4000,70.4 mm,146.3 mm,9.55 mm,165 g,6499
"Redmi Note 5 Pro (Blue, 64 GB)",Blue,Dual Sim,16.56,2160 x 1080 Pixels,Android Nougat 7.1.2,Octa Core,1.8,64,6,12MP + 5MP,20MP Front Camera,TRUE,FALSE,TRUE,Yes,4000,75.35 mm,158.58 mm,8.05 mm,181 g,13999
"Redmi Note 5 Pro (Blue, 64 GB)",Blue,Dual Sim,16.56,2160 x 1080 Pixels,Android Nougat 7.1.2,Octa Core,1.8,64,4,12MP + 5MP,20MP Front Camera,TRUE,FALSE,TRUE,Yes,4000,75.35 mm,158.58 mm,8.05 mm,181 g,12999
"Redmi Y3 (Elegant Blue, 32 GB)",Elegant Blue,Dual Sim,16.56,1520 x 720 pixels,Android Pie 9.0,Octa Core,1.8,32,3,12MP + 2MP,32MP Front Camera,FALSE,FALSE,TRUE,Yes,4000,75.58 mm,158.73 mm,8.47 mm,180 g,8369
"Redmi Y3 (Prime Black, 32 GB)",Prime Black,Dual Sim,16.56,1520 x 720 pixels,Android Pie 9.0,Octa Core,1.8,32,3,12MP + 2MP,32MP Front Camera,FALSE,FALSE,TRUE,Yes,4000,75.58 mm,158.73 mm,8.47 mm,180 g,8090
"Redmi Note 7 (Sapphire Blue, 32 GB)",Sapphire Blue,Dual Sim,16.56,2340 x 1080 pixels,Android Pie 9.0,Octa Core,2.2,32,3,12MP + 2MP,13MP Front Camera,TRUE,FALSE,TRUE,Yes,4000,75.21 mm,159.21 mm,8.1 mm,186 g,9999
"Redmi K20 (Flame Red, 64 GB)",Flame Red,Dual Sim,16.56,2340 x 1080 pixels,Android Pie 9.0,Octa Core,2.2,64,6,48MP + 13MP + 8MP,20MP Front Camera,TRUE,FALSE,TRUE,Yes,4000,74.3 mm,156.7 mm,8.8 mm,191 g,21999
"Redmi Note 7S (Astro Moonlight White, 32 GB)",Astro Moonlight White,Dual Sim,16.56,2340 x 1080 pixels,Android Pie 9,Octa Core,2.2,32,3,48MP + 5MP,13MP Front Camera,FALSE,FALSE,FALSE,Yes,4000,75.21 mm,159.21 mm,8.1 mm,186 g,9999
"Mi 10 (Coral Green, 256 GB)",Coral Green,Dual Sim,16.56,2340 x 1080 Pixel,Android Pie 10,Octa Core,2.84,256,8,108MP Rear Camera,20MP Front Camera,TRUE,TRUE,TRUE,Yes,4780,74.8 mm,162.58 mm,8.96 mm,209 g,55400
"Redmi Note 5 Pro (Black, 64 GB)",Black,Dual Sim,16.56,2160 x 1080 Pixels,Android Nougat 7.1.2,Octa Core,1.8,64,6,12MP + 5MP,20MP Front Camera,TRUE,FALSE,TRUE,Yes,4000,75.35 mm,158.58 mm,8.05 mm,181 g,13999
"Redmi Note 5 Pro (Rose Gold, 64 GB)",Rose Gold,Dual Sim,16.56,2160 x 1080 Pixels,Android Nougat 7.1.2,Octa Core,1.8,64,6,12MP + 5MP,20MP Front Camera,TRUE,FALSE,TRUE,Yes,4000,75.35 mm,158.58 mm,8.05 mm,181 g,16999
"Redmi Note 5 Pro (Red, 64 GB)",Red,Dual Sim,16.56,2160 x 1080 Pixels,Android Nougat 7.1.2,Octa Core,1.8,64,4,12MP + 5MP,20MP Front Camera,TRUE,FALSE,TRUE,Yes,4000,75.35 mm,158.58 mm,8.05 mm,181 g,12999
"Mi A2 (Red, 64 GB)",Red,Dual Sim,16.56,2160 x 1080 pixels,Android Oreo 8.1,Octa Core,2.2,64,4,20MP + 12MP,20MP Front Camera,TRUE,FALSE,TRUE,Yes,3010,75.4 mm,158.7 mm,7.3 mm,168 g,13999
"Redmi Note 5 Pro (Gold, 64 GB)",Gold,Dual Sim,16.56,2160 x 1080 Pixels,Android Nougat 7.1.2,Octa Core,1.8,64,6,12MP + 5MP,20MP Front Camera,TRUE,FALSE,TRUE,Yes,4000,75.35 mm,158.58 mm,8.05 mm,181 g,17999
"Mi A2 (Blue/Lake Blue, 64 GB)",Blue/Lake Blue,Dual Sim,16.56,2160 x 1080 pixels,Android Oreo 8.1,Octa Core,2.2,64,4,20MP + 12MP,20MP Front Camera,TRUE,FALSE,TRUE,Yes,3010,75.4 mm,158.7 mm,7.3 mm,168 g,13999
"Redmi Go (Blue, 16 GB)",Blue,Dual Sim,16.56,1280 x 720 pixels,Android Oreo 8.1,Quad Core,1.4,16,1,8MP Rear Camera,5MP Front Camera,TRUE,FALSE,TRUE,Yes,3000,70.1 mm,140.4 mm,8.35 mm,137 g,6700
"Redmi Note 4 (Gold, 64 GB)",Gold,Dual Sim,16.56,1920 x 1080 pixels,Android Marshmallow 6.0.1,Octa Core,2,64,4,13MP Rear Camera,5MP Front Camera,TRUE,FALSE,TRUE,Yes,4100,76 mm,151 mm,8.4 mm,165 g,13999
"Redmi 8A Dual (Sky White, 32 GB)",Sky White,Dual Sim,16.56,1520 x 720$$pixel,Android Pie 9,Octa Core,2,32,2,13MP + 2MP,8MP Dual Front Camera,TRUE,FALSE,TRUE,Yes,5000,9 mm,175 mm,92 mm,186 g,8499
"Redmi 8A Dual (Midnight Grey, 32 GB)",Midnight Grey,Dual Sim,16.56,1520 x 720$$Pixels,Android Pie 9,Octa Core,2,32,2,13MP + 2MP,8MP Dual Front Camera,TRUE,FALSE,TRUE,Yes,5000,9 mm,175 mm,92 mm,186 g,8498
"Redmi 8A Dual (Sky White, 64 GB)",Sky White,Dual Sim,16.56,1520 x 720$$pixel,Android Pie 9,Octa Core,1.95,64,3,13MP + 2MP,8MP Front Camera,TRUE,FALSE,TRUE,Yes,5000,75.41 mm,156.48 mm,9.4 mm,191 g,9990
"Redmi 8A Dual (Sea Blue, 64 GB)",Sea Blue,Dual Sim,16.56,1520 x 720$$pixel,Android Pie 9,Octa Core,1.95,64,3,13MP + 2MP,8MP Front Camera,TRUE,FALSE,TRUE,Yes,5000,75.41 mm,156.48 mm,9.4 mm,191 g,9990
"Redmi Note 6 Pro (Black, 64 GB)",Black,Dual Sim,16.56,2280 x 1080 pixels,Android Oreo 8.1,Octa Core,1.8,64,4,12MP + 5MP,20MP + 2MP Dual Front Camera,TRUE,FALSE,TRUE,Yes,4000,76.4 mm,157.9 mm,8.26 mm,181 g,11349
"Redmi Note 7 Pro (Neptune Blue, 128 GB)",Neptune Blue,Dual Sim,16.56,2340 x 1080 pixels,Android Pie 9.0,Octa Core,2,128,6,48MP + 5MP,13MP Front Camera,TRUE,FALSE,TRUE,Yes,4000,75.21 mm,159.21 mm,8.1 mm,186 g,16999
"Redmi 8A Dual (Midnight Grey, 64 GB)",Midnight Grey,Dual Sim,16.56,1520 x 720$$pixel,Android Pie 9,Octa Core,1.95,64,3,13MP + 2MP,8MP Front Camera,TRUE,FALSE,TRUE,Yes,5000,75.41 mm,156.48 mm,9.4 mm,191 g,9999
"Redmi Note 9 Pro (Glacier White, 128 GB)",Glacier White,Dual Sim,16.56,2400 x 1080$$pixel,Android Pie 10,Octa Core,2.3,128,6,48MP + 8MP + 5MP + 2MP,16MP Front Camera,TRUE,FALSE,TRUE,Yes,5020,76.68 mm,165.75 mm,8.8 mm,209 g,19999
"Redmi Note 7 (Sapphire Blue, 64 GB)",Sapphire Blue,Dual Sim,16.56,2340 x 1080 pixels,Android Pie 9.0,Octa Core,2.2,64,4,12MP + 2MP,13MP Front Camera,TRUE,FALSE,TRUE,Yes,4000,75.21 mm,159.21 mm,8.1 mm,186 g,14800
"Mi A2 (Rose Gold, 64 GB)",Rose Gold,Dual Sim,16.56,2160 x 1080 pixels,Android Oreo 8.1,Octa Core,2.2,64,4,20MP + 12MP,20MP Front Camera,TRUE,FALSE,TRUE,Yes,3010,75.4 mm,158.7 mm,7.3 mm,168 g,13990
"Redmi 7A (Matte Gold, 32 GB)",Matte Gold,Dual Sim,16.56,1440 x 720 pixels,Android Pie 9.0,Octa Core,2,32,2,12MP Rear Camera,5MP Front Camera,TRUE,FALSE,TRUE,Yes,4000,70.4 mm,146.3 mm,9.55 mm,165 g,6699
"Redmi Y2 (Rose Gold, 32 GB)",Rose Gold,Dual Sim,16.56,1440 x 720 pixels,Android Oreo 8.0,Octa Core,2,32,3,12MP + 5MP,16MP Front Camera,FALSE,FALSE,TRUE,Yes,3080,77.26 mm,160.73 mm,8.1 mm,168 g,8689
"Redmi Y1 (Grey, 64 GB)",Grey,Dual Sim,16.56,1280 x 720 Pixels,Android Nougat 7.1.2,Octa Core,1.4,64,4,13MP Rear Camera,16MP Front Camera,FALSE,FALSE,TRUE,Yes,3080,76.2 mm,153 mm,7.7 mm,154 g,11599
"Redmi Y2 (Dark Grey, 32 GB)",Dark Grey,Dual Sim,16.56,1440 x 720 pixels,Android Oreo 8.0,Octa Core,2,32,3,12MP + 5MP,16MP Front Camera,FALSE,FALSE,TRUE,Yes,3080,77.26 mm,160.73 mm,8.1 mm,168 g,7999
"Vivo Y12 (Burgundy Red, 64 GB)",Burgundy Red,Dual Sim,16.56,720 x 1544 pixels,Android Pie 9.0,Octa Core,2,64,3,13MP + 2MP + 8MP,8MP Front Camera,TRUE,FALSE,TRUE,Yes,5000,76.77 mm,159.43 mm,8.92 mm,190.5 g,9900
"Vivo U10 (Thunder Black, 32 GB)",Thunder Black,Dual Sim,16.56,720 x 1544 Pixels,Android Pie 9,Octa Core,2,32,3,13MP + 8MP + 2MP,8MP Front Camera,TRUE,FALSE,TRUE,Yes,5000,76.77 mm,159.43 mm,8.92 mm,190.5 g,10990
"Vivo Y11 (Mineral Blue, 32 GB)",Mineral Blue,Dual Sim,16.56,720 x 1544 Pixels,Android Pie 9,Octa Core,1.95,32,3,13MP + 2MP,8MP Front Camera,TRUE,FALSE,TRUE,Yes,5000,76.77 mm,159.43 mm,8.92 mm,190.5 g,10849
"Vivo Z1x (Fusion Blue, 64 GB)",Fusion Blue,Dual Sim,16.56,2340 x 1080 Pixels,Android Pie 9,Octa Core,2.3,64,6,48MP + 8MP + 2MP,32MP Front Camera,FALSE,FALSE,TRUE,Yes,4500,75.23 mm,159.53 mm,8.13 mm,189.6 g,16990
"Vivo Z1x (Phantom Purple, 64 GB)",Phantom Purple,Dual Sim,16.56,2340 x 1080 Pixels,Android Pie 9,Octa Core,2.3,64,6,48MP + 8MP + 2MP,32MP Front Camera,FALSE,FALSE,TRUE,Yes,4500,75.23 mm,159.53 mm,8.13 mm,189.6 g,16990
"Vivo Z1x (Fusion Blue, 128 GB)",Fusion Blue,Dual Sim,16.56,2340 x 1080 Pixels,Android Pie 9,Octa Core,2.3,128,8,48MP + 8MP + 2MP,32MP Front Camera,FALSE,FALSE,TRUE,Yes,4500,75.23 mm,159.53 mm,8.13 mm,189.6 g,18990
"Vivo Z1x (Phantom Purple, 128 GB)",Phantom Purple,Dual Sim,16.56,2340 x 1080 Pixels,Android Pie 9,Octa Core,2.3,128,8,48MP + 8MP + 2MP,32MP Front Camera,FALSE,FALSE,TRUE,Yes,4500,75.23 mm,159.53 mm,8.13 mm,189.6 g,18990
"Vivo Y15 (Burgundy Red, 64 GB)",Burgundy Red,Dual Sim,16.56,720 x 1544 pixels,Android Pie 9.0,Octa Core,2,64,4,13MP + 2MP + 8MP,16MP Front Camera,TRUE,FALSE,TRUE,Yes,5000,76.77 mm,159.43 mm,8.92 mm,190.5 g,12990
"Vivo Y11 (Agate Red, 32 GB)",Agate Red,Dual Sim,16.56,720 x 1544 Pixels,Android Pie 9,Octa Core,1.95,32,3,13MP + 2MP,8MP Front Camera,TRUE,FALSE,TRUE,Yes,5000,76.77 mm,159.43 mm,8.92 mm,190.5 g,10849
"Vivo S1 Pro (Mystic Black, 128 GB)",Mystic Black,Dual Sim,16.56,1080 x 2340 Pixels,Android Pie 9,Octa Core,2,128,8,48MP + 8MP + 2MP + 2MP,32MP Front Camera,TRUE,FALSE,TRUE,Yes,4500,75.19 mm,159.25 mm,8.68 mm,186.7 g,19990
"Vivo S1 Pro (Jazzy Blue, 128 GB)",Jazzy Blue,Dual Sim,16.56,1080 x 2340 Pixels,Android Pie 9,Octa Core,2,128,8,48MP + 8MP + 2MP + 2MP,32MP Front Camera,TRUE,FALSE,TRUE,Yes,4500,75.19 mm,159.25 mm,8.68 mm,186.7 g,19990
"Vivo S1 Pro (Dreamy White, 128 GB)",Dreamy White,Dual Sim,16.56,1080 x 2340 Pixels,Android Pie 9,Octa Core,2,128,8,48MP + 8MP + 2MP + 2MP,32MP Front Camera,TRUE,FALSE,TRUE,Yes,4500,75.19 mm,159.25 mm,8.68 mm,186.7 g,19990
"Vivo Y91i (Fusion Black, 32 GB)",Fusion Black,Dual Sim,16.56,1520 x 720 Pixels,Android Oreo 8.1,Octa Core,2,32,3,13MP Rear Camera,5MP Front Camera,TRUE,FALSE,TRUE,Yes,4030,75.09 mm,155.11 mm,8.28 mm,163.5 g,8990
"Vivo Y91i (Ocean Blue, 32 GB)",Ocean Blue,Dual Sim,16.56,1520 x 720 Pixels,Android Oreo 8.1,Octa Core,2,32,3,13MP Rear Camera,5MP Front Camera,TRUE,FALSE,TRUE,Yes,4030,75.09 mm,155.11 mm,8.28 mm,163.5 g,11982
"Vivo Y50 (Pearl White, 128 GB)",Pearl White,Dual Sim,16.56,2340 x 1080 Pixels,Android 10,Octa Core,2,128,8,13MP + 8MP + 2MP + 2MP,16MP Front Camera,TRUE,FALSE,TRUE,Yes,5000,76.46 mm,162.04 mm,9.11 mm,197 g,17990
"Vivo Y50 (Iris Blue, 128 GB)",Iris Blue,Dual Sim,16.56,2340 x 1080 Pixels,Android 10,Octa Core,2,128,8,13MP + 8MP + 2MP + 2MP,16MP Front Camera,TRUE,FALSE,TRUE,Yes,5000,76.46 mm,162.04 mm,9.11 mm,197 g,17990
"Vivo Z1Pro (Sonic Black, 128 GB)",Sonic Black,Dual Sim,16.56,2340 x 1080 pixels,Android Pie 9,Octa Core,2.3,128,6,16MP + 2MP + 8MP,32MP Front Camera,TRUE,FALSE,TRUE,Yes,5000,77.33 mm,162.39 mm,8.85 mm,201 g,17990
"Vivo Z1Pro (Sonic Black, 64 GB)",Sonic Black,Dual Sim,16.56,2340 x 1080 pixels,Android Pie 9,Octa Core,2.3,64,4,16MP + 2MP + 8MP,32MP Front Camera,TRUE,FALSE,TRUE,Yes,5000,77.33 mm,162.39 mm,8.85 mm,201 g,13990
"Vivo Z1Pro (Sonic Blue, 128 GB)",Sonic Blue,Dual Sim,16.56,2340 x 1080 pixels,Android Pie 9,Octa Core,2.3,128,6,16MP + 2MP + 8MP,32MP Front Camera,TRUE,FALSE,TRUE,Yes,5000,77.33 mm,162.39 mm,8.85 mm,201 g,17990
"Vivo Y91i (Ocean Blue, 32 GB)",Ocean Blue,Dual Sim,16.56,1520 x 720 pixels,Android Oreo 8.1,Octa Core,2,32,2,13MP Rear Camera,5MP Front Camera,TRUE,FALSE,TRUE,Yes,4030,75.09 mm,155.11 mm,8.28 mm,163.5 g,8705
"Vivo Y91i (Fusion Black, 32 GB)",Fusion Black,Dual Sim,16.56,1520 x 720 pixels,Android Oreo 8.1,Octa Core,2,32,2,13MP Rear Camera,5MP Front Camera,TRUE,FALSE,TRUE,Yes,4030,75.09 mm,155.11 mm,8.28 mm,163.5 g,8949
"Vivo Y19 (Magnetic Black, 128 GB)",Magnetic Black,Dual Sim,16.56,1080 x 2340 Pixels,Android Pie 9,Octa Core,2,128,4,16MP + 8MP + 2MP,16MP Front Camera,FALSE,FALSE,TRUE,Yes,5000,76.47 mm,162.15 mm,8.89 mm,193 g,16375
"Vivo V19 (Mystic Silver, 256 GB)",Mystic Silver,Dual Sim,16.56,2400 × 1080 Pixels,Android 10,Octa Core,2.3,256,8,48MP + 8MP + 2MP + 2MP,32MP + 8MP Dual Front Camera,TRUE,FALSE,TRUE,Yes,4500,75.04 mm,159.64 mm,8.5 mm,186.5 g,31990
"Vivo V19 (Mystic Silver, 128 GB)",Mystic Silver,Dual Sim,16.56,2400 × 1080 Pixels,Android 10,Octa Core,2.3,128,8,48MP + 8MP + 2MP + 2MP,32MP + 8MP Dual Front Camera,TRUE,FALSE,TRUE,Yes,4500,75.04 mm,159.64 mm,8.5 mm,186.5 g,27990
"Vivo V19 (Piano Black, 128 GB)",Piano Black,Dual Sim,16.56,2400 × 1080 Pixels,Android 10,Octa Core,2.3,128,8,48MP + 8MP + 2MP + 2MP,32MP + 8MP Dual Front Camera,TRUE,FALSE,TRUE,Yes,4500,75.04 mm,159.64 mm,8.5 mm,186.5 g,27990
"Vivo V19 (Piano Black, 256 GB)",Piano Black,Dual Sim,16.56,2400 × 1080 Pixels,Android 10,Octa Core,2.3,256,8,48MP + 8MP + 2MP + 2MP,32MP + 8MP Dual Front Camera,TRUE,FALSE,TRUE,Yes,4500,75.04 mm,159.64 mm,8.5 mm,186.5 g,31990
"Vivo V17 (Glacier ice white, 128 GB)",Glacier ice white,Dual Sim,16.56,2400 x 1080 Pixels,Android Pie 9,Octa Core,2,128,8,48MP + 8MP + 2MP + 2MP,32MP Front Camera,FALSE,FALSE,TRUE,Yes,4500,74.17 mm,159.01 mm,8.54 mm,176 g,24990
"Vivo V17 (Midnight Ocean Black, 128 GB)",Midnight Ocean Black,Dual Sim,16.56,2400 x 1080 Pixels,Android Pie 9,Octa Core,2,128,8,48MP + 8MP + 2MP + 2MP,32MP Front Camera,FALSE,FALSE,TRUE,Yes,4500,74.17 mm,159.01 mm,8.54 mm,176 g,24990
"Vivo U10 (Electric Blue, 64 GB)",Electric Blue,Dual Sim,16.56,720 x 1544 Pixels,Android Pie 9,Octa Core,2,64,3,13MP + 8MP + 2MP,8MP Front Camera,TRUE,FALSE,TRUE,Yes,5000,76.77 mm,159.43 mm,8.92 mm,190.5 g,11990
"Vivo S1 (Skyline Blue, 64 GB)",Skyline Blue,Dual Sim,16.56,1080 x 2340 Pixels,Android Pie 9,Octa Core,2,64,6,16MP + 8MP + 2MP,32MP Front Camera,FALSE,FALSE,TRUE,Yes,4500,75.23 mm,159.53 mm,8.13 mm,179 g,18990
"Vivo S1 (Skyline Blue, 128 GB)",Skyline Blue,Dual Sim,16.56,1080 x 2340 Pixels,Android Pie 9,Octa Core,2,128,4,16MP + 8MP + 2MP,32MP Front Camera,FALSE,FALSE,TRUE,Yes,4500,75.23 mm,159.53 mm,8.13 mm,179 g,16990
"Vivo S1 (Skyline Blue, 128 GB)",Skyline Blue,Dual Sim,16.56,1080 x 2340 Pixels,Android Pie 9,Octa Core,2,128,6,16MP + 8MP + 2MP,32MP Front Camera,FALSE,FALSE,TRUE,Yes,4500,75.23 mm,159.53 mm,8.13 mm,179 g,19990
"Vivo S1 (Diamond Black, 128 GB)",Diamond Black,Dual Sim,16.56,1080 x 2340 Pixels,Android Pie 9,Octa Core,2,128,4,16MP + 8MP + 2MP,32MP Front Camera,FALSE,FALSE,TRUE,Yes,4500,75.23 mm,159.53 mm,8.13 mm,179 g,16990
"Vivo S1 (Diamond Black, 128 GB)",Diamond Black,Dual Sim,16.56,1080 x 2340 Pixels,Android Pie 9,Octa Core,2,128,6,16MP + 8MP + 2MP,32MP Front Camera,FALSE,FALSE,TRUE,Yes,4500,75.23 mm,159.53 mm,8.13 mm,179 g,19990
"Vivo Y91i (Fusion Black, 16 GB)",Fusion Black,Dual Sim,16.56,1520 x 720 pixels,Android Oreo 8.1,Octa Core,2,16,2,13MP Rear Camera,5MP Front Camera,TRUE,FALSE,TRUE,Yes,4030,75.09 mm,155.11 mm,8.28 mm,163.5 g,9199
"Vivo V15 Pro (Topaz Blue, 128 GB)",Topaz Blue,Dual Sim,16.56,2340 x 1080 pixels,Android Pie 9.0,Octa Core,2,128,6,48MP + 5MP + 8MP,32MP Front Camera,TRUE,FALSE,TRUE,Yes,3700,74.71 mm,157.25 mm,8.21 mm,185 g,22399
"Vivo Y17 (Mystic Purple, 128 GB)",Mystic Purple,Dual Sim,16.56,720 x 1544 pixels,Android Pie 9.0,Octa Core,2.3,128,4,13MP + 2MP + 8MP,20MP Front Camera,TRUE,FALSE,TRUE,Yes,5000,76.77 mm,159.43 mm,8.92 mm,190.5 g,13990
"Vivo V15 Pro (Ruby Red, 128 GB)",Ruby Red,Dual Sim,16.56,2340 x 1080 pixels,Android Pie 9.0,Octa Core,2,128,6,"48 Million Quad Pixel Sensor (12 Million Effective Pixel) + 8MP + 5MP, AI Triple Rear Camera",32MP Front Camera,TRUE,FALSE,TRUE,Yes,3700,74.71 mm,157.25 mm,8.21 mm,185 g,21099
"Vivo V17Pro (Midnight Ocean Black, 128 GB)",Midnight Ocean Black,Dual Sim,16.56,2400 x 1080 Pixels,Android Pie 9.0,Octa Core,2,128,8,48MP + 13MP + 8MP + 2MP,32MP + 8MP Dual Front Camera,FALSE,FALSE,TRUE,Yes,4100,74.7 mm,159 mm,9.8 mm,201.8 g,29499
"Vivo V17Pro (Glacier Ice White, 128 GB)",Glacier Ice White,Dual Sim,16.56,2400 x 1080 Pixels,Android Pie 9.0,Octa Core,2,128,8,48MP + 13MP + 8MP + 2MP,32MP + 8MP Dual Front Camera,FALSE,FALSE,TRUE,Yes,4100,74.7 mm,159 mm,9.8 mm,201.8 g,29499
"Vivo U10 (Thunder Black, 64 GB)",Thunder Black,Dual Sim,16.56,720 x 1544 Pixels,Android Pie 9,Octa Core,2,64,3,13MP + 8MP + 2MP,8MP Front Camera,TRUE,FALSE,TRUE,Yes,5000,76.77 mm,159.43 mm,8.92 mm,190.5 g,11490
"Vivo V15 Pro (Topaz Blue, 128 GB)",Topaz Blue,Dual Sim,16.56,2340 x 1080 pixels,Android Pie 9.0,Octa Core,2,128,8,"48 Million Quad Pixel Sensor (12 Million Effective Pixel) + 8MP + 5MP, AI Triple Rear Camera",32MP Front Camera,TRUE,FALSE,TRUE,Yes,3700,74.71 mm,157.25 mm,8.21 mm,185 g,28499
"Vivo V11 Pro (Starry Night Black, 64 GB)",Starry Night Black,Dual Sim,16.56,2340 x 1080 pixels,Android Oreo 8.1,Octa Core,1.95,64,6,12MP + 5MP,25MP Front Camera,TRUE,FALSE,TRUE,Yes,3400,75.08 mm,157.91 mm,7.9 mm,156 g,28990
"Vivo NEX (Black, 128 GB)",Black,Dual Sim,16.56,2316 x 1080 pixels,Android Oreo 8.1,Octa Core,2.8,128,8,12MP + 5MP,8MP Front Camera,TRUE,FALSE,TRUE,Yes,4000,77 mm,162 mm,7.98 mm,199 g,29990
"Vivo Y81 (Black, 32 GB)",Black,Dual Sim,16.56,1520 x 720 Pixels,Android Oreo 8.1,Octa Core,2,32,3,13MP Rear Camera,5MP Front Camera,TRUE,FALSE,TRUE,Yes,3260,75 mm,155.06 mm,7.77 mm,148 g,13990
"Vivo V9 Youth (Black, 32 GB)",Black,Dual Sim,16.56,2280 x 1080 Pixels,Android Oreo 8.1,Octa Core,1.8,32,4,16MP + 2MP,16MP Front Camera,TRUE,FALSE,TRUE,Yes,3260,75.03 mm,154.81 mm,7.89 mm,150 g,16990
"Vivo V15 (Frozen Black, 64 GB)",Frozen Black,Dual Sim,16.56,2340 x 1080 pixels,Android Pie 9.0,Octa Core,2.1,64,6,12MP + 5MP + 8MP,32MP Front Camera,TRUE,FALSE,TRUE,Yes,4000,75.93 mm,161.97 mm,8.54 mm,189.5 g,21099
"Vivo Y93 (Starry Black, 32 GB)",Starry Black,Dual Sim,16.56,1520 x 720 pixels,Android Oreo 8.1,Octa Core,2,32,4,13MP + 2MP,8MP Front Camera,TRUE,FALSE,TRUE,Yes,4030,75.09 mm,155.11 mm,8.28 mm,163.5 g,15500
"Vivo Y93 (Starry Black, 64 GB)",Starry Black,Dual Sim,16.56,1520 x 720 pixels,Android Oreo 8.1,Octa Core,2,64,3,13MP + 2MP,8MP Front Camera,TRUE,FALSE,TRUE,Yes,4030,75.09 mm,155.11 mm,8.28 mm,163.5 g,14990
"Vivo Y91 (Ocean Blue, 32 GB)",Ocean Blue,Dual Sim,16.56,1520 x 720 pixels,Android Oreo 8.1,Octa Core,2,32,2,13MP + 2MP,8MP Front Camera,TRUE,FALSE,TRUE,Yes,4030,75.09 mm,155.11 mm,8.28 mm,163.5 g,11990
"Vivo V7 (Matte Black, 32 GB)",Matte Black,Dual Sim,16.56,1440 x 720 Pixels,Android Nougat 7.1,Octa Core,1.8,32,4,16MP Rear Camera,24MP Front Camera,TRUE,FALSE,TRUE,Yes,3000,72.8 mm,149.3 mm,7.9 mm,139 g,18900
"Vivo V7 (Energetic Blue, 32 GB)",Energetic Blue,Dual Sim,16.56,1440 x 720 Pixels,Android Nougat 7.1,Octa Core,1.8,32,4,16MP Rear Camera,24MP Front Camera,TRUE,FALSE,TRUE,Yes,3000,72.8 mm,149.3 mm,7.9 mm,139 g,15990
"Vivo Y83 (Gold, 32 GB)",Gold,Dual Sim,16.56,1520 x 720 Pixels,Android Oreo 8.1,Octa Core,2,32,4,13MP Rear Camera,8MP Front Camera,TRUE,FALSE,TRUE,Yes,3260,75.24 mm,155.21 mm,7.7 mm,151 g,11999
"Vivo V9 (Gold, 64 GB)",Gold,Dual Sim,16.56,2280 x 1080 Pixels,Android Oreo 8.1,Octa Core,2.2,64,4,16MP + 5MP,24MP Front Camera,TRUE,FALSE,TRUE,Yes,3260,75.03 mm,154.81 mm,7.89 mm,150 g,24000
"Vivo Y71i (Matte Black, 16 GB)",Matte Black,Dual Sim,16.56,1440 x 720 Pixel,Android Oreo 8.1,Quad Core,1.4,16,2,8MP Rear Camera,5MP Front Camera,TRUE,FALSE,TRUE,Yes,3360,75.74 mm,155.87 mm,7.8 mm,150 g,8900
"Vivo Y93 (Nebula Purple, 32 GB)",Nebula Purple,Dual Sim,16.56,1520 x 720 pixels,Android Oreo 8.1,Octa Core,2,32,4,13MP + 2MP,8MP Front Camera,TRUE,FALSE,TRUE,Yes,4030,75.09 mm,155.11 mm,8.28 mm,163.5 g,15990
"Vivo U10 (Electric Blue, 32 GB)",Electric Blue,Dual Sim,16.56,720 x 1544 Pixels,Android Pie 9,Octa Core,2,32,3,13MP + 8MP + 2MP,8MP Front Camera,TRUE,FALSE,TRUE,Yes,5000,76.77 mm,159.43 mm,8.92 mm,190.5 g,10990
"Vivo Z1Pro (Sonic Black, 64 GB)",Sonic Black,Dual Sim,16.56,2340 x 1080 pixels,Android Pie 9,Octa Core,2.3,64,6,16MP + 2MP + 8MP,32MP Front Camera,TRUE,FALSE,TRUE,Yes,5000,77.33 mm,162.39 mm,8.85 mm,201 g,14990
"Vivo Z1Pro (Sonic Blue, 64 GB)",Sonic Blue,Dual Sim,16.56,2340 x 1080 pixels,Android Pie 9,Octa Core,2.3,64,4,16MP + 2MP + 8MP,32MP Front Camera,TRUE,FALSE,TRUE,Yes,5000,77.33 mm,162.39 mm,8.85 mm,201 g,13990
"Vivo Z1Pro (Sonic Blue, 64 GB)",Sonic Blue,Dual Sim,16.56,2340 x 1080 pixels,Android Pie 9,Octa Core,2.3,64,6,16MP + 2MP + 8MP,32MP Front Camera,TRUE,FALSE,TRUE,Yes,5000,77.33 mm,162.39 mm,8.85 mm,201 g,14990
"Vivo U10 (Electric Blue, 64 GB)",Electric Blue,Dual Sim,16.56,720 x 1544 Pixels,Android Pie 9,Octa Core,2,64,4,13MP + 8MP + 2MP,8MP Front Camera,TRUE,FALSE,TRUE,Yes,5000,76.77 mm,159.43 mm,8.92 mm,190.5 g,12990
"Vivo U10 (Thunder Black, 64 GB)",Thunder Black,Dual Sim,16.56,720 x 1544 Pixels,Android Pie 9,Octa Core,2,64,4,13MP + 8MP + 2MP,8MP Front Camera,TRUE,FALSE,TRUE,Yes,5000,76.77 mm,159.43 mm,8.92 mm,190.5 g,12990
"Vivo V9 Pro (Black, 64 GB)",Black,Dual Sim,16.56,2280 x 1080 pixels,Android Oreo 8.1,Octa Core,1.95,64,4,13MP + 2MP,16MP Front Camera,TRUE,FALSE,TRUE,Yes,3260,75.03 mm,154.81 mm,7.89 mm,150 g,17990
"Vivo V9 Pro (Nebula Purple, 64 GB)",Nebula Purple,Dual Sim,16.56,2280 x 1080 pixels,Android Oreo 8.1,Octa Core,1.95,64,4,13MP + 2MP,16MP Front Camera,TRUE,FALSE,TRUE,Yes,3260,75.03 mm,154.81 mm,7.89 mm,150 g,17990
"Vivo Y81 (Gold, 32 GB)",Gold,Dual Sim,16.56,1520 x 720 Pixels,Android Oreo 8.1,Octa Core,2,32,3,13MP Rear Camera,5MP Front Camera,TRUE,FALSE,TRUE,Yes,3260,75 mm,155.06 mm,7.77 mm,148 g,11500
"Vivo V9 Youth (Gold, 32 GB)",Gold,Dual Sim,16.56,2280 x 1080 Pixels,Android Oreo 8.1,Octa Core,1.8,32,4,16MP + 2MP,16MP Front Camera,TRUE,FALSE,TRUE,Yes,3260,75.03 mm,154.81 mm,7.89 mm,150 g,17999
"Vivo Y91 (Starry Black, 32 GB)",Starry Black,Dual Sim,16.56,1520 x 720 pixels,Android Oreo 8.1,Octa Core,2,32,3,13MP + 2MP,8MP Front Camera,TRUE,FALSE,TRUE,Yes,4030,75.09 mm,155.11 mm,8.28 mm,163.5 g,9990
"Vivo Y71 (Gold, 16 GB)",Gold,Dual Sim,16.56,1440 x 720 Pixels,Android Oreo 8.1,Quad Core,1.4,16,3,13MP Rear Camera,5MP Front Camera,TRUE,FALSE,TRUE,Yes,3360,75.74 mm,155.87 mm,7.8 mm,150 g,10900
"Vivo Y71 (Matte Black, 32 GB)",Matte Black,Dual Sim,16.56,1440 x 720 Pixels,Android Oreo 8.1,Quad Core,1.4,32,4,13MP Rear Camera,5MP Front Camera,TRUE,FALSE,TRUE,Yes,3360,75.74 mm,155.87 mm,7.8 mm,150 g,12000
"Vivo V7+ (Energetic Blue, 64 GB)",Energetic Blue,Dual Sim,16.56,1440 x 720 pixels,Android Nougat 7.1,Octa Core,1.8,64,4,16MP Rear Camera,24MP Front Camera,TRUE,FALSE,TRUE,Yes,3225,75.74 mm,155.87 mm,7.7 mm,160 g,22325
"Vivo Y55S (Matte Black, 16 GB)",Matte Black,Dual Sim,16.56,1280 x 720 Pixels,Android Marshmallow 6,Quad Core,1.4,16,3,13MP Rear Camera,5MP Front Camera,TRUE,FALSE,TRUE,Yes,2730,72.9 mm,149.9 mm,7.5 mm,142 g,13995
"Vivo Y55S (Grey, 16 GB)",Grey,Dual Sim,16.56,1280 x 720 Pixels,Android Marshmallow 6,Quad Core,1.4,16,3,13MP Rear Camera,5MP Front Camera,TRUE,FALSE,TRUE,Yes,2730,72.9 mm,149.9 mm,7.5 mm,142 g,13529
"Vivo Y81i (Gold, 16 GB)",Gold,Dual Sim,16.56,1520 x 720 pixels,Android Oreo 8.1,Quad Core,2,16,2,13MP Rear Camera,5MP Front Camera,TRUE,FALSE,TRUE,Yes,3260,75 mm,155.06 mm,7.77 mm,143 g,11990
"Vivo Y93 (Starry Black, 32 GB)",Starry Black,Dual Sim,16.56,1520 x 720 pixels,Android Oreo 8.1,Octa Core,2,32,4,13MP + 2MP,8MP Front Camera,TRUE,FALSE,TRUE,Yes,4030,75.09 mm,155.11 mm,8.28 mm,163.5 g,15500
"Vivo Y93 (Starry Black, 64 GB)",Starry Black,Dual Sim,16.56,1520 x 720 pixels,Android Oreo 8.1,Octa Core,2,64,3,13MP + 2MP,8MP Front Camera,TRUE,FALSE,TRUE,Yes,4030,75.09 mm,155.11 mm,8.28 mm,163.5 g,14990
"Vivo Y91 (Ocean Blue, 32 GB)",Ocean Blue,Dual Sim,16.56,1520 x 720 pixels,Android Oreo 8.1,Octa Core,2,32,2,13MP + 2MP,8MP Front Camera,TRUE,FALSE,TRUE,Yes,4030,75.09 mm,155.11 mm,8.28 mm,163.5 g,11990
"Vivo V7 (Matte Black, 32 GB)",Matte Black,Dual Sim,16.56,1440 x 720 Pixels,Android Nougat 7.1,Octa Core,1.8,32,4,16MP Rear Camera,24MP Front Camera,TRUE,FALSE,TRUE,Yes,3000,72.8 mm,149.3 mm,7.9 mm,139 g,18900
"Vivo V7 (Energetic Blue, 32 GB)",Energetic Blue,Dual Sim,16.56,1440 x 720 Pixels,Android Nougat 7.1,Octa Core,1.8,32,4,16MP Rear Camera,24MP Front Camera,TRUE,FALSE,TRUE,Yes,3000,72.8 mm,149.3 mm,7.9 mm,139 g,15990
"Vivo Y83 (Gold, 32 GB)",Gold,Dual Sim,16.56,1520 x 720 Pixels,Android Oreo 8.1,Octa Core,2,32,4,13MP Rear Camera,8MP Front Camera,TRUE,FALSE,TRUE,Yes,3260,75.24 mm,155.21 mm,7.7 mm,151 g,11999
"Vivo V9 (Gold, 64 GB)",Gold,Dual Sim,16.56,2280 x 1080 Pixels,Android Oreo 8.1,Octa Core,2.2,64,4,16MP + 5MP,24MP Front Camera,TRUE,FALSE,TRUE,Yes,3260,75.03 mm,154.81 mm,7.89 mm,150 g,24000
"Vivo Y71i (Matte Black, 16 GB)",Matte Black,Dual Sim,16.56,1440 x 720 Pixel,Android Oreo 8.1,Quad Core,1.4,16,2,8MP Rear Camera,5MP Front Camera,TRUE,FALSE,TRUE,Yes,3360,75.74 mm,155.87 mm,7.8 mm,150 g,8900
"Vivo Y93 (Nebula Purple, 32 GB)",Nebula Purple,Dual Sim,16.56,1520 x 720 pixels,Android Oreo 8.1,Octa Core,2,32,4,13MP + 2MP,8MP Front Camera,TRUE,FALSE,TRUE,Yes,4030,75.09 mm,155.11 mm,8.28 mm,163.5 g,15990
"Vivo Z1Pro (Sonic Black, 64 GB)",Sonic Black,Dual Sim,16.56,2340 x 1080 pixels,Android Pie 9,Octa Core,2.3,64,4,16MP + 2MP + 8MP,32MP Front Camera,TRUE,FALSE,TRUE,Yes,5000,77.33 mm,162.39 mm,8.85 mm,201 g,13990
"Vivo Z1Pro (Sonic Black, 64 GB)",Sonic Black,Dual Sim,16.56,2340 x 1080 pixels,Android Pie 9,Octa Core,2.3,64,6,16MP + 2MP + 8MP,32MP Front Camera,TRUE,FALSE,TRUE,Yes,5000,77.33 mm,162.39 mm,8.85 mm,201 g,14990
"Vivo Z1Pro (Sonic Blue, 64 GB)",Sonic Blue,Dual Sim,16.56,2340 x 1080 pixels,Android Pie 9,Octa Core,2.3,64,6,16MP + 2MP + 8MP,32MP Front Camera,TRUE,FALSE,TRUE,Yes,5000,77.33 mm,162.39 mm,8.85 mm,201 g,14990
"Vivo U10 (Electric Blue, 64 GB)",Electric Blue,Dual Sim,16.56,720 x 1544 Pixels,Android Pie 9,Octa Core,2,64,4,13MP + 8MP + 2MP,8MP Front Camera,TRUE,FALSE,TRUE,Yes,5000,76.77 mm,159.43 mm,8.92 mm,190.5 g,12990
"Vivo U10 (Thunder Black, 64 GB)",Thunder Black,Dual Sim,16.56,720 x 1544 Pixels,Android Pie 9,Octa Core,2,64,3,13MP + 8MP + 2MP,8MP Front Camera,TRUE,FALSE,TRUE,Yes,5000,76.77 mm,159.43 mm,8.92 mm,190.5 g,11490
"Vivo U10 (Thunder Black, 64 GB)",Thunder Black,Dual Sim,16.56,720 x 1544 Pixels,Android Pie 9,Octa Core,2,64,4,13MP + 8MP + 2MP,8MP Front Camera,TRUE,FALSE,TRUE,Yes,5000,76.77 mm,159.43 mm,8.92 mm,190.5 g,12990
"Vivo V9 Pro (Black, 64 GB)",Black,Dual Sim,16.56,2280 x 1080 pixels,Android Oreo 8.1,Octa Core,1.95,64,4,13MP + 2MP,16MP Front Camera,TRUE,FALSE,TRUE,Yes,3260,75.03 mm,154.81 mm,7.89 mm,150 g,17990
"Vivo V9 Pro (Nebula Purple, 64 GB)",Nebula Purple,Dual Sim,16.56,2280 x 1080 pixels,Android Oreo 8.1,Octa Core,1.95,64,4,13MP + 2MP,16MP Front Camera,TRUE,FALSE,TRUE,Yes,3260,75.03 mm,154.81 mm,7.89 mm,150 g,17990
"Vivo Y71 (Matte Black, 16 GB)",Matte Black,Dual Sim,16.56,1440 x 720 Pixels,Android Oreo 8.1,Quad Core,1.4,16,3,13MP Rear Camera,5MP Front Camera,TRUE,FALSE,TRUE,Yes,3360,75.74 mm,155.87 mm,7.8 mm,150 g,10900
"Vivo Y71 (Gold, 32 GB)",Gold,Dual Sim,16.56,1440 x 720 Pixels,Android Oreo 8.1,Quad Core,1.4,32,4,13MP Rear Camera,5MP Front Camera,TRUE,FALSE,TRUE,Yes,3360,75.74 mm,155.87 mm,7.8 mm,150 g,12000
"Vivo Y91i (Black, 32 GB)",Black,Dual Sim,16.56,1520 x 720$$ pixels,Android Oreo 8.1,Octa Core,2,32,2,13MP Rear Camera,5MP Front Camera,TRUE,FALSE,TRUE,Yes,4030,75.09 mm,155.11 mm,8.28 mm,163.5 g,8998
"Vivo Y91 (Starry Black, 32 GB)",Starry Black,Dual Sim,16.56,1520 x 720 pixels,Android Oreo 8.1,Octa Core,2,32,2,13MP + 2MP,8MP Front Camera,TRUE,FALSE,TRUE,Yes,4030,75.09 mm,155.11 mm,8.28 mm,163.5 g,8990
"Vivo Y69 (Gold, 32 GB)",Gold,Dual Sim,16.56,1280 x 720 pixels,Android Nougat 7,Octa Core,1.5,32,3,13MP Rear Camera,16MP Front Camera,TRUE,FALSE,TRUE,Yes,3000,75.7 mm,154.6 mm,7.7 mm,162.8 g,14914
"Vivo Y81 (Black, 32 GB)",Black,Dual Sim,16.56,1520 x 720$pixels,Android Oreo 8.1,Octa Core,2,32,4,13MP Rear Camera,5MP Front Camera,TRUE,FALSE,TRUE,Yes,3260,75 mm,155.06 mm,7.77 mm,148 g,14538
"Samsung Galaxy M30S (Blue, 128 GB)",Blue,Dual Sim,16.56,2340 x 1080$$pixel,Android Pie 9,Octa Core,2.3,128,4,48MP + 8MP,16MP Front Camera,TRUE,FALSE,TRUE,Yes,6000,159 mm,9 mm,75 mm,186 g,17490
"Samsung Galaxy A21s (Blue, 64 GB)",Blue,Dual Sim,16.56,1600 x 720 Pixels,Android 10,Octa Core,2,64,4,48MP + 8MP + 2MP + 2MP,13MP Front Camera,FALSE,FALSE,TRUE,Yes,5000,75.3 mm,163.6 mm,8.9 mm,191 g,16499
"Samsung Galaxy A21s (Black, 64 GB)",Black,Dual Sim,16.56,1600 x 720 Pixels,Android 10,Octa Core,2,64,4,48MP + 8MP + 2MP + 2MP,13MP Front Camera,FALSE,FALSE,TRUE,Yes,5000,75.3 mm,163.6 mm,8.9 mm,191 g,16499
"Samsung Galaxy A21s (Blue, 64 GB)",Blue,Dual Sim,16.56,1600 x 720 Pixels,Android 10,Octa Core,2,64,6,48MP + 8MP + 2MP + 2MP,13MP Front Camera,FALSE,FALSE,TRUE,Yes,5000,75.3 mm,163.6 mm,8.9 mm,191 g,18499
"Samsung Galaxy A21s (White, 64 GB)",White,Dual Sim,16.56,1600 x 720 Pixels,Android 10,Octa Core,2,64,6,48MP + 8MP + 2MP + 2MP,13MP Front Camera,FALSE,FALSE,TRUE,Yes,5000,75.3 mm,163.6 mm,8.9 mm,191 g,18499
"Samsung Galaxy A21s (Black, 64 GB)",Black,Dual Sim,16.56,1600 x 720 Pixels,Android 10,Octa Core,2,64,6,48MP + 8MP + 2MP + 2MP,13MP Front Camera,FALSE,FALSE,TRUE,Yes,5000,75.3 mm,163.6 mm,8.9 mm,191 g,18499
"Samsung Galaxy A21s (White, 64 GB)",White,Dual Sim,16.56,1600 x 720 Pixels,Android 10,Octa Core,2,64,4,48MP + 8MP + 2MP + 2MP,13MP Front Camera,FALSE,FALSE,TRUE,Yes,5000,75.3 mm,163.6 mm,8.9 mm,191 g,17490
"Samsung Galaxy M21 (Midnight Blue, 64 GB)",Midnight Blue,Dual Sim,16.56,2340 x 1080$$Pixel,Android Pie 10,Octa Core,2.3,64,4,48MP + 8MP + 5MP,20MP Front Camera,TRUE,FALSE,TRUE,Yes,6000,75 mm,159 mm,9 mm,188 g,15999
"Samsung Galaxy M21 (Raven Black, 64 GB)",Raven Black,Dual Sim,16.56,2340 x 1080$$Pixel,Android Pie 10,Octa Core,2.3,64,4,48MP + 8MP + 5MP,20MP Front Camera,TRUE,FALSE,TRUE,Yes,6000,75 mm,159 mm,9 mm,188 g,15990
"Samsung Galaxy J2 Core (Black, 16 GB)",Black,Dual Sim,16.56,960 x 540 Pixels,Android Oreo 8.1,Quad Core,1.4,16,1,8MP Rear Camera,5MP Front Camera,FALSE,FALSE,TRUE,Yes,2600,72.1 mm,143.4 mm,8.95 mm,154 g,6299
"Samsung Galaxy M31 (Ocean Blue, 128 GB)",Ocean Blue,Dual Sim,16.56,2340 x 1080$$pixel,Android Pie 10,Octa Core,2.3,128,6,64MP + 8MP + 5MP + 5MP,32MP Front Camera,TRUE,FALSE,TRUE,Yes,6000,9 mm,159 mm,75 mm,191 g,19900
"Samsung Galaxy S10 Lite (Prism Blue, 512 GB)",Prism Blue,Dual Sim,16.56,1080 x 2400 Pixels,Android 10,Octa Core,2.8,512,8,48MP + 12MP + 5MP,32MP Front Camera,TRUE,FALSE,TRUE,Yes,4500,75.6 mm,162.5 mm,8.1 mm,187 g,47999
"Samsung Galaxy S10 Lite (Prism Black, 512 GB)",Prism Black,Dual Sim,16.56,1080 x 2400 Pixels,Android 10,Octa Core,2.8,512,8,48MP + 12MP + 5MP,32MP Front Camera,TRUE,FALSE,TRUE,Yes,4500,75.6 mm,162.5 mm,8.1 mm,187 g,47999
"Samsung Galaxy J2-2017 (Metallic gold, 8 GB)",Metallic gold,Dual Sim,16.56,540 x 960 Pixels,Android Lollipop 5.4.1,Quad Core,1.3,8,1,5MP Rear Camera,2MP Front Camera,FALSE,FALSE,TRUE,Yes,2000,69 mm,136.5 mm,8.4 mm,130 g,6000
"Samsung Galaxy J7 Pro (Black, 64 GB)",Black,Dual Sim,16.56,1920 x 1080 Pixels,Android Nougat 7,Octa Core,1.6,64,3,13MP Rear Camera,13MP Front Camera,FALSE,FALSE,TRUE,Yes,3600,74.7 mm,152.4 mm,7.8 mm,178 g,20995
"Samsung Galaxy J7 Nxt (Black, 16 GB)",Black,Dual Sim,16.56,1280 x 720 Pixels,Android Nougat 7,Octa Core,1.6,16,2,13MP Rear Camera,5MP Front Camera,FALSE,FALSE,TRUE,Yes,3000,152.4 mm,78.6 mm,7.6 mm,170 g,11995
"Samsung Galaxy J7 Nxt (Gold, 16 GB)",Gold,Dual Sim,16.56,1280 x 720 Pixels,Android Nougat 7,Octa Core,1.6,16,2,13MP Rear Camera,5MP Front Camera,FALSE,FALSE,TRUE,Yes,3000,152.4 mm,78.6 mm,7.6 mm,170 g,10995
"Infinix Hot 9 Pro (Violet, 64 GB)",Violet,Dual Sim,16.56,1600 x 720 Pixels,Android 10,Octa Core,2,64,4,48 MP + 2 MP + 2 MP + Low Light Sensor,8MP Front Camera,TRUE,FALSE,TRUE,Yes,5000,76.8 mm,165 mm,8.7 mm,185 g,9999
"Infinix Hot 9 Pro (Ocean Wave, 64 GB)",Ocean Wave,Dual Sim,16.56,1600 x 720 Pixels,Android 10,Octa Core,2,64,4,48 MP + 2 MP + 2 MP + Low Light Sensor,8MP Front Camera,TRUE,FALSE,TRUE,Yes,5000,76.8 mm,165 mm,8.7 mm,185 g,9999
"Infinix Hot 9 (Violet, 64 GB)",Violet,Dual Sim,16.56,1600 x 720 Pixels,Android 10,Octa Core,2,64,4,13 MP + 2 MP + 2 MP + Low Light Sensor,8MP Front Camera,TRUE,FALSE,TRUE,Yes,5000,76.8 mm,165 mm,8.7 mm,185 g,8999
"Infinix Hot 9 (Ocean Wave, 64 GB)",Ocean Wave,Dual Sim,16.56,1600 x 720 Pixels,Android 10,Octa Core,2,64,4,13 MP + 2 MP + 2 MP + Low Light Sensor,8MP Front Camera,TRUE,FALSE,TRUE,Yes,5000,76.8 mm,165 mm,8.7 mm,185 g,8999
"Infinix Note 5 Stylus (Charcoal Blue, 64 GB)",Charcoal Blue,Dual Sim,16.56,1080 x 2160 pixels,Android Oreo 8.1,Octa Core,2,64,4,16MP Rear Camera,16MP Front Camera,TRUE,FALSE,TRUE,Yes,4000,75 mm,158 mm,8.4 mm,190 g,10999
"Infinix S5 Pro (Forest Green, 64 GB)",Forest Green,Dual Sim,16.56,2340 x 1080 Pixels,Android 10,Octa Core,2.3,64,4,48MP + 2MP + Low Light Sensor,16MP Front Camera,TRUE,FALSE,TRUE,Yes,4000,76.88 mm,162.5 mm,8.95 mm,194 g,11499
"Infinix S5 Pro (Violet, 64 GB)",Violet,Dual Sim,16.56,2340 x 1080 Pixels,Android 10,Octa Core,2.3,64,4,48MP + 2MP + Low Light Sensor,16MP Front Camera,TRUE,FALSE,TRUE,Yes,4000,76.88 mm,162.5 mm,8.95 mm,194 g,11499
"Infinix Note 5 Stylus (Bordeaux Red, 64 GB)",Bordeaux Red,Dual Sim,16.56,1080 x 2160 pixels,Android Oreo 8.1,Octa Core,2,64,4,16MP Rear Camera,16MP Front Camera,TRUE,FALSE,TRUE,Yes,4000,75 mm,158 mm,8.4 mm,190 g,10999
"Infinix Hot S3X (Tradew Gray, 32 GB)",Tradew Gray,Dual Sim,16.56,1500 x 720 pixels,Android Oreo 8.1,Octa Core,1.4,32,3,13MP + 2MP,16MP Front Camera,FALSE,FALSE,TRUE,Yes,4000,75.3 mm,156.7 mm,8.3 mm,150 g,10999
"Infinix Hot S3X (Milan Black, 32 GB)",Milan Black,Dual Sim,16.56,1500 x 720 pixels,Android Oreo 8.1,Octa Core,1.4,32,3,13MP + 2MP,16MP Front Camera,FALSE,FALSE,TRUE,Yes,4000,75.3 mm,156.7 mm,8.3 mm,150 g,10999
"Infinix Note 5 (Ice Blue, 64 GB)",Ice Blue,Dual Sim,16.56,1080 x 2160 pixels,Android Oreo 8.1.0,Octa Core,2,64,4,12MP Rear Camera,16MP Front Camera,TRUE,FALSE,TRUE,Yes,4500,75.25 mm,158.25 mm,8.65 mm,175 g,7699
"Infinix Note 5 (Berlin Gray, 64 GB)",Berlin Gray,Dual Sim,16.56,1080 x 2160 pixels,Android Oreo 8.1.0,Octa Core,2,64,4,12MP Rear Camera,16MP Front Camera,TRUE,FALSE,TRUE,Yes,4500,75.25 mm,158.25 mm,8.65 mm,175 g,7699
"Infinix Hot 7 (Midnight Black, 64 GB)",Midnight Black,Dual Sim,16.56,1500 x 720 pixels,Android Pie 9.0,Octa Core,2.39,64,4,13MP + 2MP,13MP + 2MP Dual Front Camera,FALSE,FALSE,TRUE,Yes,4000,74.8 mm,153.9 mm,7.9 mm,159 g,9999
"Infinix Hot 7 (Mocha Brown, 64 GB)",Mocha Brown,Dual Sim,16.56,1500 x 720 pixels,Android Pie 9.0,Octa Core,2.39,64,4,13MP + 2MP,13MP + 2MP Dual Front Camera,FALSE,FALSE,TRUE,Yes,4000,74.8 mm,153.9 mm,7.9 mm,159 g,9999
"Infinix Hot 7 (Aqua Blue, 64 GB)",Aqua Blue,Dual Sim,16.56,1500 x 720 pixels,Android Pie 9.0,Octa Core,2.39,64,4,13MP + 2MP,13MP + 2MP Dual Front Camera,FALSE,FALSE,TRUE,Yes,4000,74.8 mm,153.9 mm,7.9 mm,159 g,9999
"Infinix Note 5 (Berlin Gray, 32 GB)",Berlin Gray,Dual Sim,16.56,1080 x 2160 pixels,Android Oreo 8.1.0,Octa Core,2,32,3,12MP Rear Camera,16MP Front Camera,TRUE,FALSE,TRUE,Yes,4500,75.25 mm,158.25 mm,8.65 mm,175 g,7599
"Infinix Hot S3 (Topaz Blue, 64 GB)",Topaz Blue,Dual Sim,16.56,720 x 1440 Pixels,Android Oreo 8,Octa Core,1.4,64,4,13MP Rear Camera,20MP Front Camera,TRUE,FALSE,TRUE,Yes,4000,72.85 mm,153 mm,8.4 mm,150 g,11999
"Infinix Hot S3 (Sandstone Black, 64 GB)",Sandstone Black,Dual Sim,16.56,1440 x 720 Pixels,Android Oreo 8,Octa Core,1.4,64,4,13MP Rear Camera,20MP Front Camera,TRUE,FALSE,TRUE,Yes,4000,72.85 mm,153 mm,8.4 mm,150 g,11999
"Infinix Hot S3 (Blush Gold, 64 GB)",Blush Gold,Dual Sim,16.56,720*1440 Pixels,Android Oreo 8,Octa Core,1.4,64,4,13MP Rear Camera,20MP Front Camera,TRUE,FALSE,TRUE,Yes,4000,72.85 mm,153 mm,8.4 mm,150 g,11999
"Infinix S5 Lite (Violet, 64 GB)",Violet,Dual Sim,16.56,720 x 1600 Pixels,Android Pie 9,Octa Core,2,64,4,16MP + 2MP + Low Light Sensor,16MP Front Camera,FALSE,FALSE,TRUE,Yes,4000,76 mm,164 mm,7.9 mm,178 g,8499
"Infinix S5 Lite (Quetzal Cyan, 64 GB)",Quetzal Cyan,Dual Sim,16.56,720 x 1600 Pixels,Android Pie 9,Octa Core,2,64,4,16MP + 2MP + Low Light Sensor,16MP Front Camera,FALSE,FALSE,TRUE,Yes,4000,76 mm,164 mm,7.9 mm,178 g,8499
"Infinix S5 Lite (Midnight Black, 64 GB)",Midnight Black,Dual Sim,16.56,720 x 1600 Pixels,Android Pie 9,Octa Core,2,64,4,16MP + 2MP + Low Light Sensor,16MP Front Camera,FALSE,FALSE,TRUE,Yes,4000,76 mm,164 mm,7.9 mm,178 g,8499
"Infinix Note 5 (Milan Black, 32 GB)",Milan Black,Dual Sim,16.56,1080 x 2160 pixels,Android Oreo 8.1.0,Octa Core,2,32,3,12MP Rear Camera,16MP Front Camera,TRUE,FALSE,TRUE,Yes,4500,75.25 mm,158.25 mm,8.65 mm,175 g,7599
"Infinix Zero 5 Pro (Bronze Gold Black, 128 GB)",Bronze Gold Black,Dual Sim,16.56,1080 x 1920 Pixels,Android Nougat 7,Octa Core,2.6,128,6,12MP + 13MP,16MP Front Camera,TRUE,FALSE,TRUE,Yes,4350,82.38 mm,166.38 mm,7.95 mm,197 g,19999
"Infinix S4 (Nebula Blue, 32 GB)",Nebula Blue,Dual Sim,16.56,720 x 1520 pixels,Android Pie 9.0,Octa Core,2,32,3,13MP + 2MP Depth Sensor + 8MP Wide Angle sensor,32MP Front Camera,TRUE,FALSE,TRUE,Yes,4000,75 mm,156 mm,7.9 mm,155 g,9599
"Infinix S4 (Twilight Purple, 32 GB)",Twilight Purple,Dual Sim,16.56,720 x 1520 pixels,Android Pie 9.0,Octa Core,2,32,3,13MP + 2MP Depth Sensor + 8MP Wide Angle sensor,32MP Front Camera,TRUE,FALSE,TRUE,Yes,4000,75 mm,156 mm,7.9 mm,155 g,9599
"Infinix S4 (Space Gray, 32 GB)",Space Gray,Dual Sim,16.56,720 x 1520 pixels,Android Pie 9.0,Octa Core,2,32,3,13MP + 2MP Depth Sensor + 8MP Wide Angle sensor,32MP Front Camera,TRUE,FALSE,TRUE,Yes,4000,75 mm,156 mm,7.9 mm,155 g,9599
"Infinix S5 (Quetzal Cyan, 64 GB)",Quetzal Cyan,Dual Sim,16.56,720 x 1600 Pixels,Android Pie 9,Octa Core,2,64,4,16MP + 5MP + 2MP + Low Light Sensor,32MP Front Camera,TRUE,FALSE,TRUE,Yes,4000,76 mm,164 mm,7.9 mm,178 g,9599
"Infinix S5 (Violet, 64 GB)",Violet,Dual Sim,16.56,720 x 1600 Pixels,Android Pie 9,Octa Core,2,64,4,16MP + 5MP + 2MP + Low Light Sensor,32MP Front Camera,TRUE,FALSE,TRUE,Yes,4000,76 mm,164 mm,7.9 mm,178 g,9599
"Infinix Hot S3 (Blush Gold, 32 GB)",Blush Gold,Dual Sim,16.56,720*1440 Pixels,Android Oreo 8,Octa Core,1.4,32,3,13MP Rear Camera,20MP Front Camera,TRUE,FALSE,TRUE,Yes,4000,72.85 mm,153 mm,8.4 mm,150 g,9999
"Infinix Hot S3 (Sandstone Black, 32 GB)",Sandstone Black,Dual Sim,16.56,720*1440 Pixels,Android Oreo 8,Octa Core,1.4,32,3,13MP Rear Camera,20MP Front Camera,TRUE,FALSE,TRUE,Yes,4000,72.85 mm,153 mm,8.4 mm,150 g,9999
"Infinix Hot S3 (Topaz Blue, 32 GB)",Topaz Blue,Dual Sim,16.56,720 x 1440 Pixels,Android Oreo 8,Octa Core,1.4,32,3,13MP Rear Camera,20MP Front Camera,TRUE,FALSE,TRUE,Yes,4000,72.85 mm,153 mm,8.4 mm,150 g,9999
"Infinix Hot S3 (Bordeaux Red, 32 GB)",Bordeaux Red,Dual Sim,16.56,720 x 1440 Pixels,Android Oreo 8,Octa Core,1.4,32,3,13MP Rear Camera,20MP Front Camera,TRUE,FALSE,TRUE,Yes,4000,72.85 mm,153 mm,8.4 mm,150 g,9999
"Infinix Note 5 (Milan Black, 64 GB)",Milan Black,Dual Sim,16.56,1080 x 2160 pixels,Android Oreo 8.1.0,Octa Core,2,64,4,12MP Rear Camera,16MP Front Camera,TRUE,FALSE,TRUE,Yes,4500,75.25 mm,158.25 mm,8.65 mm,175 g,7699
"Infinix Zero 5 (Sandstone Black, 64 GB)",Sandstone Black,Dual Sim,16.56,1080 x 1920 Pixels,Android Nougat 7,Octa Core,2.6,64,6,12MP + 13MP,16MP Front Camera,TRUE,FALSE,TRUE,Yes,4350,82.38 mm,166.38 mm,7.95 mm,197 g,17999
"Infinix Zero 5 (Bordeaux Red, 64 GB)",Bordeaux Red,Dual Sim,16.56,1080 x 1920 Pixels,Android Nougat 7,Octa Core,2.6,64,6,12MP + 13MP,16MP Front Camera,TRUE,FALSE,TRUE,Yes,4350,82.38 mm,166.38 mm,7.95 mm,197 g,17999
"POCO F1 (Steel Blue, 128 GB)",Steel Blue,Dual Sim,16.56,2160 x 1080 pixels,Android Oreo 8.1,Octa Core,2.8,128,6,12MP + 5MP,20MP Front Camera,TRUE,FALSE,TRUE,Yes,4000,75.3 mm,155.5 mm,8.8 mm,180 g,18999
"POCO F1 (Steel Blue, 256 GB)",Steel Blue,Dual Sim,16.56,2160 x 1080 pixels,Android Oreo 8.1,Octa Core,2.8,256,8,12MP + 5MP,20MP Front Camera,TRUE,FALSE,TRUE,Yes,4000,75.3 mm,155.5 mm,8.8 mm,180 g,22999
"POCO F1 (Graphite Black, 256 GB)",Graphite Black,Dual Sim,16.56,2160 x 1080 pixels,Android Oreo 8.1,Octa Core,2.8,256,8,12MP + 5MP,20MP Front Camera,TRUE,FALSE,TRUE,Yes,4000,75.3 mm,155.5 mm,8.8 mm,180 g,22999
"POCO F1 (Armoured Edition, 256 GB)",Armoured Edition,Dual Sim,16.56,2160 x 1080 pixels,Android Oreo 8.1,Octa Core,2.8,256,8,12MP + 5MP,20MP Front Camera,TRUE,FALSE,TRUE,Yes,4000,75.3 mm,155.5 mm,8.8 mm,180 g,22999
"POCO F1 (Rosso Red, 64 GB)",Rosso Red,Dual Sim,16.56,2160 x 1080 pixels,Android Oreo 8.1,Octa Core,2.8,64,6,12MP + 5MP,20MP Front Camera,TRUE,FALSE,TRUE,Yes,4000,75.3 mm,155.5 mm,8.8 mm,180 g,19999
"POCO X2 (Matrix Purple, 256 GB)",Matrix Purple,Dual Sim,16.56,2400 x 1080 Pixels,Android 10,Octa Core,2.2,256,8,64MP + 8MP + 2MP + 2MP,20MP + 2MP Dual Front Camera,TRUE,FALSE,TRUE,Yes,4500,76.6 mm,165.3 mm,8.79 mm,208 g,21499
"POCO X2 (Matrix Purple, 64 GB)",Matrix Purple,Dual Sim,16.56,2400 x 1080 Pixels,Android 10,Octa Core,2.2,64,6,64MP + 8MP + 2MP + 2MP,20MP + 2MP Dual Front Camera,TRUE,FALSE,TRUE,Yes,4500,76.6 mm,165.3 mm,8.79 mm,208 g,17499
"POCO X2 (Atlantis Blue, 64 GB)",Atlantis Blue,Dual Sim,16.56,2400 x 1080 Pixels,Android 10,Octa Core,2.2,64,6,64MP + 8MP + 2MP + 2MP,20MP + 2MP Dual Front Camera,TRUE,FALSE,TRUE,Yes,4500,76.6 mm,165.3 mm,8.79 mm,208 g,17499
"POCO X2 (Phoenix Red, 128 GB)",Phoenix Red,Dual Sim,16.56,2400 x 1080 Pixels,Android 10,Octa Core,2.2,128,6,64MP + 8MP + 2MP + 2MP,20MP + 2MP Dual Front Camera,TRUE,FALSE,TRUE,Yes,4500,76.6 mm,165.3 mm,8.79 mm,208 g,18499
"POCO X2 (Atlantis Blue, 128 GB)",Atlantis Blue,Dual Sim,16.56,2400 x 1080 Pixels,Android 10,Octa Core,2.2,128,6,64MP + 8MP + 2MP + 2MP,20MP + 2MP Dual Front Camera,TRUE,FALSE,TRUE,Yes,4500,76.6 mm,165.3 mm,8.79 mm,208 g,18499
"POCO X2 (Atlantis Blue, 256 GB)",Atlantis Blue,Dual Sim,16.56,2400 x 1080 Pixels,Android 10,Octa Core,2.2,256,8,64MP + 8MP + 2MP + 2MP,20MP + 2MP Dual Front Camera,TRUE,FALSE,TRUE,Yes,4500,76.6 mm,165.3 mm,8.79 mm,208 g,21499
"POCO X2 (Phoenix Red, 256 GB)",Phoenix Red,Dual Sim,16.56,2400 x 1080 Pixels,Android 10,Octa Core,2.2,256,8,64MP + 8MP + 2MP + 2MP,20MP + 2MP Dual Front Camera,TRUE,FALSE,TRUE,Yes,4500,76.6 mm,165.3 mm,8.79 mm,208 g,21499
"POCO X2 (Phoenix Red, 64 GB)",Phoenix Red,Dual Sim,16.56,2400 x 1080 Pixels,Android 10,Octa Core,2.2,64,6,64MP + 8MP + 2MP + 2MP,20MP + 2MP Dual Front Camera,TRUE,FALSE,TRUE,Yes,4500,76.6 mm,165.3 mm,8.79 mm,208 g,17499
"POCO X2 Special Edition (Matrix Purple, 128 GB)",Matrix Purple,Dual Sim,16.56,2400 x 1080 Pixels,Android 10,Octa Core,2.2,128,6,64MP + 8MP + 2MP + 2MP,20MP + 2MP Dual Front Camera,TRUE,FALSE,TRUE,Yes,4500,76.6 mm,165.3 mm,8.79 mm,208 g,18499
"POCO F1 (Rosso Red, 128 GB)",Rosso Red,Dual Sim,16.56,2160 x 1080 pixels,Android Oreo 8.1,Octa Core,2.8,128,6,12MP + 5MP,20MP Front Camera,TRUE,FALSE,TRUE,Yes,4000,75.3 mm,155.5 mm,8.8 mm,180 g,18999
"POCO F1 (Graphite Black, 128 GB)",Graphite Black,Dual Sim,16.56,2160 x 1080 pixels,Android Oreo 8.1,Octa Core,2.8,128,6,12MP + 5MP,20MP Front Camera,TRUE,FALSE,TRUE,Yes,4000,75.3 mm,155.5 mm,8.8 mm,180 g,18999
"POCO F1 (Rosso Red, 256 GB)",Rosso Red,Dual Sim,16.56,2160 x 1080 pixels,Android Oreo 8.1,Octa Core,2.8,256,8,12MP + 5MP,20MP Front Camera,TRUE,FALSE,TRUE,Yes,4000,75.3 mm,155.5 mm,8.8 mm,180 g,22999
"POCO F1 (Armoured Edition, 128 GB)",Armoured Edition,Dual Sim,16.56,2160 x 1080 pixels,Android Oreo 8.1,Octa Core,2.8,128,6,12MP + 5MP,20MP Front Camera,TRUE,FALSE,TRUE,Yes,4000,75.3 mm,155.5 mm,8.8 mm,180 g,18999
"POCO X2 Special Edition (Atlantis Blue, 128 GB)",Atlantis Blue,Dual Sim,16.56,2400 x 1080 Pixels,Android 10,Octa Core,2.2,128,6,64MP + 8MP + 2MP + 2MP,20MP + 2MP Dual Front Camera,TRUE,FALSE,TRUE,Yes,4500,76.6 mm,165.3 mm,8.79 mm,208 g,18499
"POCO X2 Special Edition (Phoenix Red, 128 GB)",Phoenix Red,Dual Sim,16.56,2400 x 1080 Pixels,Android 10,Octa Core,2.2,128,6,64MP + 8MP + 2MP + 2MP,20MP + 2MP Dual Front Camera,TRUE,FALSE,TRUE,Yes,4500,76.6 mm,165.3 mm,8.79 mm,208 g,18499
"POCO F1 (Steel Blue, 64 GB)",Steel Blue,Dual Sim,16.56,2160 x 1080 pixels,Android Oreo 8.1,Octa Core,2.8,64,6,12MP + 5MP,20MP Front Camera,TRUE,FALSE,TRUE,Yes,4000,75.3 mm,155.5 mm,8.8 mm,180 g,19999
"POCO F1 (Graphite Black, 64 GB)",Graphite Black,Dual Sim,16.56,2160 x 1080 pixels,Android Oreo 8.1,Octa Core,2.8,64,6,12MP + 5MP,20MP Front Camera,TRUE,FALSE,TRUE,Yes,4000,75.3 mm,155.5 mm,8.8 mm,180 g,19999
"POCO M2 Pro (Green and Greener, 64 GB)",Green and Greener,Dual Sim,16.56,2400 x 1080 Pixels,Android 10,Octa Core,2.3,64,6,48MP + 8MP + 5MP + 2MP,16MP Front Camera,FALSE,FALSE,TRUE,Yes,5000,76.68 mm,165.75 mm,8.8 mm,209 g,14999
"POCO M2 Pro (Green and Greener, 128 GB)",Green and Greener,Dual Sim,16.56,2400 x 1080 Pixels,Android 10,Octa Core,2.3,128,6,48MP + 8MP + 5MP + 2MP,16MP Front Camera,FALSE,FALSE,TRUE,Yes,5000,76.68 mm,165.75 mm,8.8 mm,209 g,16999
"POCO M2 Pro (Green and Greener, 64 GB)",Green and Greener,Dual Sim,16.56,2400 x 1080 Pixels,Android 10,Octa Core,2.3,64,4,48MP + 8MP + 5MP + 2MP,16MP Front Camera,FALSE,FALSE,TRUE,Yes,5000,76.68 mm,165.75 mm,8.8 mm,209 g,13999
"POCO M2 Pro (Out of the Blue, 128 GB)",Out of the Blue,Dual Sim,16.56,2400 x 1080 Pixels,Android 10,Octa Core,2.3,128,6,48MP + 8MP + 5MP + 2MP,16MP Front Camera,FALSE,FALSE,TRUE,Yes,5000,76.68 mm,165.75 mm,8.8 mm,209 g,16999
"POCO M2 Pro (Two Shades of Black, 128 GB)",Two Shades of Black,Dual Sim,16.56,2400 x 1080 Pixels,Android 10,Octa Core,2.3,128,6,48MP + 8MP + 5MP + 2MP,16MP Front Camera,FALSE,FALSE,TRUE,Yes,5000,76.68 mm,165.75 mm,8.8 mm,209 g,16999
"POCO M2 Pro (Two Shades of Black, 64 GB)",Two Shades of Black,Dual Sim,16.56,2400 x 1080 Pixels,Android 10,Octa Core,2.3,64,6,48MP + 8MP + 5MP + 2MP,16MP Front Camera,FALSE,FALSE,TRUE,Yes,5000,76.68 mm,165.75 mm,8.8 mm,209 g,14999
"POCO M2 Pro (Out of the Blue, 64 GB)",Out of the Blue,Dual Sim,16.56,2400 x 1080 Pixels,Android 10,Octa Core,2.3,64,6,48MP + 8MP + 5MP + 2MP,16MP Front Camera,FALSE,FALSE,TRUE,Yes,5000,76.68 mm,165.75 mm,8.8 mm,209 g,14999
"POCO M2 Pro (Two Shades of Black, 64 GB)",Two Shades of Black,Dual Sim,16.56,2400 x 1080 Pixels,Android 10,Octa Core,2.3,64,4,48MP + 8MP + 5MP + 2MP,16MP Front Camera,FALSE,FALSE,TRUE,Yes,5000,76.68 mm,165.75 mm,8.8 mm,209 g,13999
"POCO M2 Pro (Out of the Blue, 64 GB)",Out of the Blue,Dual Sim,16.56,2400 x 1080 Pixels,Android 10,Octa Core,2.3,64,4,48MP + 8MP + 5MP + 2MP,16MP Front Camera,FALSE,FALSE,TRUE,Yes,5000,76.68 mm,165.75 mm,8.8 mm,209 g,13999
"OPPO A31 (Fantasy White, 64 GB)",Fantasy White,Dual Sim,16.56,1600 x 720 Pixels,Android Pie 9,Octa Core,2.3,64,4,12MP + 2MP + 2MP,8MP Front Camera,TRUE,FALSE,TRUE,Yes,4230,75.5 mm,163.9 mm,8.3 mm,180 g,12490
"OPPO A31 (Fantasy White, 128 GB)",Fantasy White,Dual Sim,16.56,1600 x 720 Pixels,Android Pie 9,Octa Core,2.3,128,6,12MP + 2MP + 2MP,8MP Front Camera,TRUE,FALSE,TRUE,Yes,4230,75.5 mm,163.9 mm,8.3 mm,180 g,14990
"OPPO A31 (Mystery Black, 128 GB)",Mystery Black,Dual Sim,16.56,1600 x 720 Pixels,Android Pie 9,Octa Core,2.3,128,6,12MP + 2MP + 2MP,8MP Front Camera,TRUE,FALSE,TRUE,Yes,4230,75.5 mm,163.9 mm,8.3 mm,180 g,14990
"OPPO A31 (Mystery Black, 64 GB)",Mystery Black,Dual Sim,16.56,1600 x 720 Pixels,Android Pie 9,Octa Core,2.3,64,4,12MP + 2MP + 2MP,8MP Front Camera,TRUE,FALSE,TRUE,Yes,4230,75.5 mm,163.9 mm,8.3 mm,180 g,12490
"OPPO A9 2020 (Marine Green, 128 GB)",Marine Green,Dual Sim,16.56,1600 x 720 Pixels,Android Pie 9,Octa Core,1.8,128,4,48MP + 8MP + 2MP + 2MP,16MP Front Camera,TRUE,FALSE,TRUE,Yes,5000,75.6 mm,163.6 mm,9.1 mm,195 g,16990
"OPPO A12 (Black, 32 GB)",Black,Dual Sim,16.56,1520 x 720 Pixels,Android Pie 9.0,Octa Core,1.8,32,3,13MP + 2MP,5MP Front Camera,TRUE,FALSE,TRUE,Yes,4230,75.5 mm,155.9 mm,8.3 mm,165 g,9990
"OPPO A12 (Blue, 32 GB)",Blue,Dual Sim,16.56,1520 x 720 Pixels,Android Pie 9.0,Octa Core,1.8,32,3,13MP + 2MP,5MP Front Camera,TRUE,FALSE,TRUE,Yes,4230,75.5 mm,155.9 mm,8.3 mm,165 g,9990
"OPPO A5s (Blue, 32 GB)",Blue,Dual Sim,16.56,1520 x 720 pixels,Android Oreo 8.1,Octa Core,2.3,32,2,13MP + 2MP,8MP Front Camera,TRUE,FALSE,TRUE,Yes,4230,75.4 mm,155.9 mm,8.2 mm,170 g,8990
"OPPO F15 (Unicorn White, 128 GB)",Unicorn White,Dual Sim,16.56,2400 x 1080 Pixels,Android Pie 9,Octa Core,2.1,128,8,48MP + 8MP + 2MP + 2MP,16MP Front Camera,TRUE,FALSE,TRUE,Yes,4000,73.3 mm,160.2 mm,7.9 mm,172 g,18990
"OPPO F15 (Blazing Blue, 128 GB)",Blazing Blue,Dual Sim,16.56,2400 x 1080 Pixels,Android Pie 9,Octa Core,2.1,128,8,48MP + 8MP + 2MP + 2MP,16MP Front Camera,TRUE,FALSE,TRUE,Yes,4000,73.3 mm,160.2 mm,7.9 mm,172 g,18990
"OPPO A52 (Twilight Black, 128 GB)",Twilight Black,Dual Sim,16.56,2400 x 1080 Pixels,Android 10,Octa Core,2,128,6,12MP + 8MP + 2MP + 2MP,16MP Front Camera,TRUE,FALSE,TRUE,Yes,5000,75.5 mm,162 mm,8.9 mm,192 g,16990
"OPPO A52 (Stream White, 128 GB)",Stream White,Dual Sim,16.56,2400 x 1080 Pixels,Android 10,Octa Core,2,128,6,12MP + 8MP + 2MP + 2MP,16MP Front Camera,TRUE,FALSE,TRUE,Yes,5000,75.5 mm,162 mm,8.9 mm,192 g,16990
"OPPO A11K (Deep Blue, 32 GB)",Deep Blue,Dual Sim,16.56,1520 x 720 pixels,Android Pie 9,Octa Core,1.8,32,2,13MP + 2MP,5MP Front Camera,TRUE,FALSE,TRUE,Yes,4230,75.5 mm,155.9 mm,8.3 mm,165 g,8990
"OPPO A11K (Flowing Silver, 32 GB)",Flowing Silver,Dual Sim,16.56,1520 x 720 pixels,Android Pie 9,Octa Core,1.8,32,2,13MP + 2MP,5MP Front Camera,TRUE,FALSE,TRUE,Yes,4230,75.5 mm,155.9 mm,8.3 mm,165 g,8990
"OPPO A5s (Green, 64 GB)",Green,Dual Sim,16.56,1520 x 720 pixels,Android Oreo 8.1,Octa Core,2.3,64,4,13MP + 2MP,8MP Front Camera,TRUE,FALSE,TRUE,Yes,4230,75.4 mm,155.9 mm,8.2 mm,170 g,11990
"OPPO A9 2020 (Space Purple, 128 GB)",Space Purple,Dual Sim,16.56,1600 x 720 Pixels,Android Pie 9,Octa Core,1.8,128,8,48MP + 8MP + 2MP + 2MP,16MP Front Camera,TRUE,FALSE,TRUE,Yes,5000,75.6 mm,163.6 mm,9.1 mm,195 g,15990
"OPPO F15 (Lightening Black, 128 GB)",Lightening Black,Dual Sim,16.56,2400 x 1080 Pixels,Android Pie 9,Octa Core,2.1,128,8,48MP + 8MP + 2MP + 2MP,16MP Front Camera,TRUE,FALSE,TRUE,Yes,4000,73.3 mm,160.2 mm,7.9 mm,172 g,18990
"OPPO A5s (Gold, 64 GB)",Gold,Dual Sim,16.56,1520 x 720 pixels,Android Oreo 8.1,Octa Core,2.3,64,4,13MP + 2MP,8MP Front Camera,TRUE,FALSE,TRUE,Yes,4230,75.4 mm,155.9 mm,8.2 mm,170 g,15899
"OPPO Reno3 Pro (Sky White, 128 GB)",Sky White,Dual Sim,16.56,2400 x 1080 Pixels,Android 10,Octa Core,2.2,128,8,64MP + 13MP + 8MP + 2MP,44MP + 2MP Dual Front Camera,TRUE,FALSE,TRUE,Yes,4025,73.4 mm,158.8 mm,8.1 mm,175 g,29990
"OPPO Reno3 Pro (Auroral Blue, 128 GB)",Auroral Blue,Dual Sim,16.56,2400 x 1080 Pixels,Android 10,Octa Core,2.2,128,8,64MP + 13MP + 8MP + 2MP,44MP + 2MP Dual Front Camera,TRUE,FALSE,TRUE,Yes,4025,73.4 mm,158.8 mm,8.1 mm,175 g,29990
"OPPO Reno3 Pro (Midnight Black, 128 GB)",Midnight Black,Dual Sim,16.56,2400 x 1080 Pixels,Android 10,Octa Core,2.2,128,8,64MP + 13MP + 8MP + 2MP,44MP + 2MP Dual Front Camera,TRUE,FALSE,TRUE,Yes,4025,73.4 mm,158.8 mm,8.1 mm,175 g,29990
"OPPO A5s (Black, 32 GB)",Black,Dual Sim,16.56,1520 x 720 pixels,Android Oreo 8.1,Octa Core,2.3,32,2,13MP + 2MP,8MP Front Camera,TRUE,FALSE,TRUE,Yes,4230,75.4 mm,155.9 mm,8.2 mm,170 g,12990
"OPPO F11 Pro (Thunder Black, 64 GB)",Thunder Black,Dual Sim,16.56,2340 x 1080 pixels,Android Pie 9.0,Octa Core,2.1,64,6,48MP + 5MP,16MP Front Camera,TRUE,FALSE,TRUE,Yes,4000,76.1 mm,161.3 mm,8.8 mm,190 g,14990
"OPPO Reno 10x Zoom (Ocean Green, 256 GB)",Ocean Green,Dual Sim,16.56,2340 x 1080 pixels,Android Pie 9.0,Octa Core,2.8,256,8,48MP + 13MP + 8MP,16MP Front Camera,TRUE,FALSE,TRUE,Yes,4065,77.2 mm,162 mm,9.3 mm,215 g,41990
"OPPO Reno2 (Ocean Blue, 256 GB)",Ocean Blue,Dual Sim,16.56,2340 x 1080 Pixels,Android Pie 9,Octa Core,2.2,256,8,48MP + 8MP + 13MP + 2MP,16MP Front Camera,FALSE,FALSE,TRUE,Yes,4000,74.3 mm,160 mm,9.5 mm,189 g,38990
"OPPO Find X (Glacier Blue, 256 GB)",Glacier Blue,Dual Sim,16.56,2340 x 1080 Pixels,Android Oreo 8.1.0,Octa Core,2.649,256,8,16MP + 20MP,25MP Front Camera,TRUE,FALSE,TRUE,Yes,3730,74.2 mm,156.7 mm,9.6 mm,186 g,60990
"OPPO Find X (Bordeaux Red, 256 GB)",Bordeaux Red,Dual Sim,16.56,2340 x 1080 Pixels,Android Oreo 8.1.0,Octa Core,2.649,256,8,16MP + 20MP,25MP Front Camera,TRUE,FALSE,TRUE,Yes,3730,74.2 mm,156.7 mm,9.6 mm,186 g,60990
"OPPO Reno2 Z (Luminous Black, 256 GB)",Luminous Black,Dual Sim,16.56,2340 x 1080 Pixels,Android Pie 9.0,Octa Core,2.2,256,8,48MP + 8MP + 2MP + 2MP,16MP Front Camera,FALSE,FALSE,TRUE,Yes,4000,75.8 mm,161.8 mm,8.67 mm,195 g,29999
"OPPO A83 (2018 Edition) (Champagne, 64 GB)",Champagne,Dual Sim,16.56,1440 x 720 Pixels,Android Nougat 7.1,Octa Core,2.5,64,4,13MP Rear Camera,8MP Front Camera,TRUE,FALSE,TRUE,Yes,3180,73.1 mm,150.5 mm,7.7 mm,143 g,14499
"OPPO A9 2020 (Vanilla Mint, 128 GB)",Vanilla Mint,Dual Sim,16.56,1600 x 720 Pixels,Android Pie 9,Octa Core,1.8,128,8,48MP + 8MP + 2MP + 2MP,16MP Front Camera,TRUE,FALSE,TRUE,Yes,5000,75.6 mm,163.6 mm,9.1 mm,195 g,15990
"OPPO A5s (Blue, 32 GB)",Blue,Dual Sim,16.56,1520 x 720 pixels,Android Oreo 8.1,Octa Core,2.3,32,3,13MP + 2MP,8MP Front Camera,TRUE,FALSE,TRUE,Yes,4230,75.4 mm,155.9 mm,8.2 mm,170 g,13744
"OPPO A5s (Red, 32 GB)",Red,Dual Sim,16.56,1520 x 720 pixels,Android Oreo 8.1,Octa Core,2.3,32,2,13MP + 2MP,8MP Front Camera,TRUE,FALSE,TRUE,Yes,4230,75.4 mm,155.9 mm,8.2 mm,170 g,12990
"OPPO A5s (Black, 32 GB)",Black,Dual Sim,16.56,1520 x 720 pixels,Android Oreo 8.1,Octa Core,2.3,32,3,13MP + 2MP,8MP Front Camera,TRUE,FALSE,TRUE,Yes,4230,75.4 mm,155.9 mm,8.2 mm,170 g,9490
"OPPO K1 (Piano Black, 64 GB)",Piano Black,Dual Sim,16.56,2340 x 1080 pixels,Android Oreo 8.1,Octa Core,1.95,64,6,16MP + 2MP,25MP Front Camera,TRUE,FALSE,TRUE,Yes,3600,75.5 mm,158.3 mm,7.4 mm,156 g,18989
"OPPO F9 Pro (Sunrise Red, 64 GB)",Sunrise Red,Dual Sim,16.56,2340 x 1080 pixels,Android Oreo 8.1.0,Octa Core,2,64,6,16MP + 2MP,25MP Front Camera,TRUE,FALSE,TRUE,Yes,3500,74 mm,156.7 mm,7.99 mm,169 g,19990
"OPPO K1 (Astral Blue, 64 GB)",Astral Blue,Dual Sim,16.56,2340 x 1080 pixels,Android Oreo 8.1,Octa Core,1.95,64,6,16MP + 2MP,25MP Front Camera,TRUE,FALSE,TRUE,Yes,3600,75.5 mm,158.3 mm,7.4 mm,156 g,19038
"OPPO F11 (Marble Green, 128 GB)",Marble Green,Dual Sim,16.56,1080 x 2340 pixels,Android Pie 9,Octa Core,2.1,128,6,48MP + 5MP,16MP Front Camera,TRUE,FALSE,TRUE,Yes,4020,76.1 mm,162 mm,8.3 mm,188 g,17990
"OPPO A1K (Red, 32 GB)",Red,Dual Sim,16.56,720 x 1560 pixels,Android Pie 9.0,Octa Core,2,32,2,8MP Rear Camera,5MP Front Camera,TRUE,FALSE,TRUE,Yes,4000,77.35 mm,154.4 mm,8.35 mm,165 g,8490
"OPPO A7 (Glaring Gold, 64 GB)",Glaring Gold,Dual Sim,16.56,1520 x 720 pixels,Android Oreo 8.1,Octa Core,1.8,64,3,13MP + 2MP,16MP Front Camera,TRUE,FALSE,TRUE,Yes,4230,75.4 mm,155.9 mm,8.1 mm,168 g,13990
"OPPO F9 Pro (Twilight Blue, 64 GB)",Twilight Blue,Dual Sim,16.56,2340 x 1080 pixels,Android Oreo 8.1.0,Octa Core,2,64,6,16MP + 2MP,25MP Front Camera,TRUE,FALSE,TRUE,Yes,3500,74 mm,156.7 mm,7.99 mm,169 g,19990
"OPPO K1 (Astral Blue, 64 GB)",Astral Blue,Dual Sim,16.56,2340 x 1080 pixels,Android Oreo 8.1,Octa Core,1.95,64,4,16MP + 2MP,25MP Front Camera,TRUE,FALSE,TRUE,Yes,3600,75.5 mm,158.3 mm,7.4 mm,156 g,19600
"OPPO F9 Pro (Starry Purple, 64 GB)",Starry Purple,Dual Sim,16.56,2340 x 1080 pixels,Android Oreo 8.1.0,Octa Core,2,64,6,16MP + 2MP,25MP Front Camera,TRUE,FALSE,TRUE,Yes,3500,74 mm,156.7 mm,7.99 mm,169 g,21150
"OPPO A7 (Glaze Blue, 64 GB)",Glaze Blue,Dual Sim,16.56,1520 x 720 pixels,Android Oreo 8.1,Octa Core,1.8,64,4,13MP + 2MP,16MP Front Camera,TRUE,FALSE,TRUE,Yes,4230,75.4 mm,155.9 mm,8.1 mm,168 g,17500
"OPPO A5s (Red, 32 GB)",Red,Dual Sim,16.56,1520 x 720 pixels,Android Oreo 8.1,Octa Core,2.3,32,3,13MP + 2MP,8MP Front Camera,TRUE,FALSE,TRUE,Yes,4230,75.4 mm,155.9 mm,8.2 mm,170 g,12990
"OPPO A3s (Red, 64 GB)",Red,Dual Sim,16.56,1520 x 720 Pixels,Android Oreo 8.1,Octa Core,1.8,64,4,13MP + 2MP,8MP Front Camera,FALSE,FALSE,TRUE,Yes,4230,75.6 mm,156.2 mm,8.2 mm,168 g,14495
"OPPO A3s (Red, 16 GB)",Red,Dual Sim,16.56,1520 x 720 Pixels,Android Oreo 8.1,Octa Core,1.8,16,2,13MP + 2MP,8MP Front Camera,FALSE,FALSE,TRUE,Yes,4230,75.6 mm,156.2 mm,8.2 mm,168 g,9500
"OPPO A3s (Purple, 16 GB)",Purple,Dual Sim,16.56,1520 x 720 Pixels,Android Oreo 8.1,Octa Core,1.8,16,2,13MP + 2MP,8MP Front Camera,FALSE,FALSE,TRUE,Yes,4230,75.6 mm,156.2 mm,8.2 mm,168 g,9500
"OPPO A9 2020 (Vanilla Mint, 128 GB)",Vanilla Mint,Dual Sim,16.56,1600 x 720 Pixels,Android Pie 9,Octa Core,1.8,128,4,48MP + 8MP + 2MP + 2MP,16MP Front Camera,TRUE,FALSE,TRUE,Yes,5000,75.6 mm,163.6 mm,9.1 mm,195 g,13990
"OPPO A12 (Black, 64 GB)",Black,Dual Sim,16.56,1520 x 720 Pixels,Android Pie 9.0,Octa Core,1.8,64,4,13MP + 2MP,5MP Front Camera,TRUE,FALSE,TRUE,Yes,4230,75.5 mm,155.9 mm,8.3 mm,165 g,11490
"OPPO A12 (Blue, 64 GB)",Blue,Dual Sim,16.56,1520 x 720 Pixels,Android Pie 9.0,Octa Core,1.8,64,4,13MP + 2MP,5MP Front Camera,TRUE,FALSE,TRUE,Yes,4230,75.5 mm,155.9 mm,8.3 mm,165 g,11490
"OPPO F11 Pro (Waterfall Grey, 128 GB)",Waterfall Grey,Dual Sim,16.56,2340 x 1080 pixels,Android Pie 9,Octa Core,2.1,128,6,48MP + 5MP,16MP Front Camera,TRUE,FALSE,TRUE,Yes,4000,76.1 mm,161.3 mm,8.8 mm,190 g,16990
"OPPO F11 Pro (Thunder Black, 128 GB)",Thunder Black,Dual Sim,16.56,2340 x 1080 pixels,Android Pie 9.0,Octa Core,2.1,128,6,48MP + 5MP,16MP Front Camera,TRUE,FALSE,TRUE,Yes,4000,76.1 mm,161.3 mm,8.8 mm,190 g,16990
"OPPO R17 Pro (Radiant Mist, 128 GB)",Radiant Mist,Dual Sim,16.56,2340 x 1080 pixels,Android Oreo 8.1,Octa Core,2.2,128,8,12MP + 20MP,25MP Front Camera,FALSE,FALSE,TRUE,Yes,3700,74.6 mm,157.6 mm,7.9 mm,183 g,31590
"OPPO A83 (Black, 32 GB)",Black,Dual Sim,16.56,1440 x 720 Pixels,Android Nougat 7.1,Octa Core,2.5,32,3,13MP Rear Camera,8MP Front Camera,TRUE,FALSE,TRUE,Yes,3180,73.1 mm,150.5 mm,7.7 mm,143 g,13490
"OPPO A83 (Red, 16 GB)",Red,Dual Sim,16.56,1440 x 720 Pixels,Android Nougat 7.1,Octa Core,2.5,16,2,13MP Rear Camera,8MP Front Camera,TRUE,FALSE,TRUE,Yes,3180,73.1 mm,150.5 mm,7.7 mm,143 g,9490
"OPPO F7 (Red, 64 GB)",Red,Dual Sim,16.56,2280 x 1080 Pixels,Android Oreo 8.1.0,Octa Core,2,64,4,16MP Rear Camera,25MP Front Camera,FALSE,FALSE,TRUE,Yes,3400,75.3 mm,156 mm,7.8 mm,158 g,22990
"OPPO F11 (Marble Green, 128 GB)",Marble Green,Dual Sim,16.56,1080 x 2340 pixels,Android Pie 9.0,Octa Core,2.1,128,4,48MP + 5MP,16MP Front Camera,TRUE,FALSE,TRUE,Yes,4020,76.1 mm,162 mm,8.3 mm,188 g,13990
"OPPO F11 (Fluorite Purple, 128 GB)",Fluorite Purple,Dual Sim,16.56,1080 x 2340 pixels,Android Pie 9.0,Octa Core,2.1,128,4,48MP + 5MP,16MP Front Camera,TRUE,FALSE,TRUE,Yes,4020,76.1 mm,162 mm,8.3 mm,188 g,13990
"OPPO F11 (Jewelry White, 128 GB)",Jewelry White,Dual Sim,16.56,1080 x 2340 pixels,Android Pie 9,Octa Core,2.1,128,6,48MP + 5MP,16MP Front Camera,TRUE,FALSE,TRUE,Yes,4020,76.1 mm,162 mm,8.3 mm,188 g,17990
"OPPO F1S (Rose Gold, 64 GB)",Rose Gold,Dual Sim,16.56,1280 x 720 Pixels,Android Lollipop 5.1,Octa Core,1.4,64,4,13MP Rear Camera,16MP Front Camera,FALSE,FALSE,TRUE,Yes,3075,76 mm,154.5 mm,7.38 mm,160 g,18990
"OPPO F1S (Grey, 64 GB)",Grey,Dual Sim,16.56,1280 x 720 Pixels,Android Lollipop 5.1,Octa Core,1.4,64,4,13MP Rear Camera,16MP Front Camera,FALSE,FALSE,TRUE,Yes,3075,76 mm,154.5 mm,7.38 mm,160 g,18990
"OPPO F1S (Gold, 64 GB)",Gold,Dual Sim,16.56,1280 x 720 Pixels,Android Lollipop 5.1,Octa Core,1.4,64,4,13MP Rear Camera,16MP Front Camera,TRUE,FALSE,TRUE,Yes,3075,76 mm,154.5 mm,7.38 mm,160 g,18990
"OPPO F1S (Grey, 32 GB)",Grey,Dual Sim,16.56,720 x 1280,Android Lollipop 5.1.1,Single Core,1.5,32,3,13MP Rear Camera,16MP Front Camera,TRUE,FALSE,TRUE,Yes,3075,154.5 mm,7.38 mm,76 mm,160 g,11990
"OPPO A71k (New Edition) (Blue, 16 GB)",Blue,Dual Sim,16.56,1280 x 720 Pixels,Android Nougat 7.1,Octa Core,1.8,16,3,13MP Rear Camera,5MP Front Camera,TRUE,FALSE,TRUE,Yes,3000,73.8 mm,148.1 mm,7.6 mm,137 g,8490
"OPPO A3s (Purple, 32 GB)",Purple,Dual Sim,16.56,1520 x 720 Pixels,Android Oreo 8.1,Octa Core,1.8,32,3,13MP + 2MP,8MP Front Camera,FALSE,FALSE,TRUE,Yes,4230,75.6 mm,156.2 mm,8.2 mm,168 g,12990
"OPPO F3 (Rose Gold, 64 GB)",Rose Gold,Dual Sim,16.56,1920 x 1080 pixels,Android Marshmallow 6,Octa Core,1.5,64,4,13MP Rear Camera,16MP + 8MP Dual Front Camera,FALSE,FALSE,TRUE,Yes,3200,75.2 mm,153.3 mm,7.3 mm,153 g,18000
"OPPO A5 (Diamond Red, 32 GB)",Diamond Red,Dual Sim,16.56,1520 x 720 pixels,Android Oreo 8.1,Octa Core,1.8,32,4,13MP + 2MP,8MP Front Camera,TRUE,FALSE,TRUE,Yes,4230,75.6 mm,156.1 mm,8.2 mm,170 g,13500
"OPPO A83 (2018 Edition) (Red, 64 GB)",Red,Dual Sim,16.56,1440 x 720 Pixels,Android Nougat 7.1,Octa Core,2.5,64,4,13MP Rear Camera,8MP Front Camera,TRUE,FALSE,TRUE,Yes,3180,73.1 mm,150.5 mm,7.7 mm,143 g,13990
"OPPO F9 (Stellar Purple, 64 GB)",Stellar Purple,Dual Sim,16.56,2340 x 1080 pixels,Android Oreo 8.1.0,Octa Core,2,64,4,16MP + 2MP,16MP Front Camera,TRUE,FALSE,TRUE,Yes,3500,74 mm,156.7 mm,7.99 mm,169 g,17000
"OPPO A3s (Purple, 64 GB)",Purple,Dual Sim,16.56,1520 x 720 Pixels,Android Oreo 8.1,Octa Core,1.8,64,4,13MP + 2MP,8MP Front Camera,FALSE,FALSE,TRUE,Yes,4230,75.6 mm,156.2 mm,8.2 mm,168 g,15000
"OPPO A3s (Red, 64 GB)",Red,Dual Sim,16.56,1520 x 720 Pixels,Android Oreo 8.1,Octa Core,1.8,64,4,13MP + 2MP,8MP Front Camera,FALSE,FALSE,TRUE,Yes,4230,75.6 mm,156.2 mm,8.2 mm,168 g,14495
"OPPO A3s (Red, 16 GB)",Red,Dual Sim,16.56,1520 x 720 Pixels,Android Oreo 8.1,Octa Core,1.8,16,2,13MP + 2MP,8MP Front Camera,FALSE,FALSE,TRUE,Yes,4230,75.6 mm,156.2 mm,8.2 mm,168 g,9500
"OPPO A3s (Purple, 16 GB)",Purple,Dual Sim,16.56,1520 x 720 Pixels,Android Oreo 8.1,Octa Core,1.8,16,2,13MP + 2MP,8MP Front Camera,FALSE,FALSE,TRUE,Yes,4230,75.6 mm,156.2 mm,8.2 mm,168 g,9500
"OPPO Reno 10x Zoom (Jet Black, 256 GB)",Jet Black,Dual Sim,16.56,2340 x 1080 pixels,Android Pie 9.0,Octa Core,2.8,256,8,48MP + 13MP + 8MP,16MP Front Camera,TRUE,FALSE,TRUE,Yes,4065,77.2 mm,162 mm,9.3 mm,215 g,41990
"OPPO Reno 10x Zoom (Jet Black, 128 GB)",Jet Black,Dual Sim,16.56,2340 x 1080 pixels,Android Pie 9.0,Octa Core,2.8,128,6,48MP + 13MP + 8MP,16MP Front Camera,TRUE,FALSE,TRUE,Yes,4065,77.2 mm,162 mm,9.3 mm,215 g,38990
"OPPO A9 2020 (Vanilla Mint, 128 GB)",Vanilla Mint,Dual Sim,16.56,1600 x 720 Pixels,Android Pie 9,Octa Core,1.8,128,4,48MP + 8MP + 2MP + 2MP,16MP Front Camera,TRUE,FALSE,TRUE,Yes,5000,75.6 mm,163.6 mm,9.1 mm,195 g,13990
"OPPO A12 (Black, 64 GB)",Black,Dual Sim,16.56,1520 x 720 Pixels,Android Pie 9.0,Octa Core,1.8,64,4,13MP + 2MP,5MP Front Camera,TRUE,FALSE,TRUE,Yes,4230,75.5 mm,155.9 mm,8.3 mm,165 g,11490
"OPPO A12 (Blue, 64 GB)",Blue,Dual Sim,16.56,1520 x 720 Pixels,Android Pie 9.0,Octa Core,1.8,64,4,13MP + 2MP,5MP Front Camera,TRUE,FALSE,TRUE,Yes,4230,75.5 mm,155.9 mm,8.3 mm,165 g,11490
"OPPO F11 Pro (Waterfall Grey, 128 GB)",Waterfall Grey,Dual Sim,16.56,2340 x 1080 pixels,Android Pie 9,Octa Core,2.1,128,6,48MP + 5MP,16MP Front Camera,TRUE,FALSE,TRUE,Yes,4000,76.1 mm,161.3 mm,8.8 mm,190 g,16990
"OPPO F11 Pro (Thunder Black, 128 GB)",Thunder Black,Dual Sim,16.56,2340 x 1080 pixels,Android Pie 9.0,Octa Core,2.1,128,6,48MP + 5MP,16MP Front Camera,TRUE,FALSE,TRUE,Yes,4000,76.1 mm,161.3 mm,8.8 mm,190 g,16990
"OPPO R17 Pro (Radiant Mist, 128 GB)",Radiant Mist,Dual Sim,16.56,2340 x 1080 pixels,Android Oreo 8.1,Octa Core,2.2,128,8,12MP + 20MP,25MP Front Camera,FALSE,FALSE,TRUE,Yes,3700,74.6 mm,157.6 mm,7.9 mm,183 g,31590
"OPPO A83 (Black, 32 GB)",Black,Dual Sim,16.56,1440 x 720 Pixels,Android Nougat 7.1,Octa Core,2.5,32,3,13MP Rear Camera,8MP Front Camera,TRUE,FALSE,TRUE,Yes,3180,73.1 mm,150.5 mm,7.7 mm,143 g,13490
"OPPO A83 (Red, 16 GB)",Red,Dual Sim,16.56,1440 x 720 Pixels,Android Nougat 7.1,Octa Core,2.5,16,2,13MP Rear Camera,8MP Front Camera,TRUE,FALSE,TRUE,Yes,3180,73.1 mm,150.5 mm,7.7 mm,143 g,9490
"OPPO F7 (Red, 64 GB)",Red,Dual Sim,16.56,2280 x 1080 Pixels,Android Oreo 8.1.0,Octa Core,2,64,4,16MP Rear Camera,25MP Front Camera,FALSE,FALSE,TRUE,Yes,3400,75.3 mm,156 mm,7.8 mm,158 g,22990
"OPPO F11 (Marble Green, 128 GB)",Marble Green,Dual Sim,16.56,1080 x 2340 pixels,Android Pie 9.0,Octa Core,2.1,128,4,48MP + 5MP,16MP Front Camera,TRUE,FALSE,TRUE,Yes,4020,76.1 mm,162 mm,8.3 mm,188 g,13990
"OPPO F11 (Fluorite Purple, 128 GB)",Fluorite Purple,Dual Sim,16.56,1080 x 2340 pixels,Android Pie 9.0,Octa Core,2.1,128,4,48MP + 5MP,16MP Front Camera,TRUE,FALSE,TRUE,Yes,4020,76.1 mm,162 mm,8.3 mm,188 g,13990
